得意先ｺｰﾄﾞ,得意先名１,得意先名２,得意先名略称,得意先名索引,郵便番号,住所１住所２住所３,電話番号,ＦＡＸ番号
700011,株式会社ｱｰﾄｻﾝﾌﾟﾙ　　700011,,ｱｰﾄｻﾝﾌﾟﾙ,ｱｰﾄｻﾝﾌﾟﾙ,812-0854,福岡県福岡市博多区東月隈5丁目22-15,092-400-4404,
700015,ｱｰﾄｳｨﾝｽﾞ□,,ｱｰﾄｳｨﾝｽﾞ□,,,,,
700031,株式会社ｱｰﾙ　商品ｾﾝﾀｰ,,ｱｰﾙ,ｱｰﾙ,633-0055,奈良県桜井市安倍木材団地2-2-1,06-6768-5201,06-6768-5204
700035,ｱｲｱｲﾃｨ□,,ｱｲｱｲﾃｨ□,,,,,
700041,株式会社ｱｰﾙｻﾝﾌﾟﾙ,,ｱｰﾙｻﾝﾌﾟﾙ,ｱｰﾙｻﾝﾌﾟﾙ,422-8033,静岡県静岡市駿河区登6-12-13,054-266-6031,054-266-6032
700045,ISﾋｰﾀｰ□,,ISﾋｰﾀｰ□,,,,,
700055,ｱｲｹｰｼﾞｰ□,,ｱｲｹｰｼﾞｰ□,,,,,
700062,株式会社ｱｲﾄﾞｳ,,ｱｲﾄﾞｳ,ｱｲﾄﾞｳ,063-0033,札幌市西区西野3条7-5-48,011-661-0802,011-661-0862
700065,ｱｲﾒｯｸｽ□,,ｱｲﾒｯｸｽ□,,,,,
700072,株式会社安西製作所 北海道支店,購買課 浪越,安西製作所,ｱﾝｻﾞｲ,082-0004,北海道河西郡芽室町東芽室北1線10番29号,0155-62-6350,0155-62-6365
700076,ｱｲﾗｲﾝ□,,ｱｲﾗｲﾝ□,,,,,
700081,旭化成建材株式会社 事業本部,断熱住宅資材事業企画部,旭化成建材 商品開発,ｱｻﾋｶｾｲｹﾝｻﾞ,101-8101,東京都千代田区神田神保町1丁目105神保町三井ﾋﾞﾙﾃﾞｨﾝｸﾞ,03-3296-5466,03-3296-3520
700085,ｱｷｭﾚｲﾄ□,,ｱｷｭﾚｲﾄ□,ｱｷｭﾚｲﾄｼｶｸ,,,,
700091,旭化成住工株式会社 技術部古川,,旭化成住工生産技術部,ｱｻﾋｶｾｲｼﾞｭｳ,527-0103,滋賀県東近江市湯屋町1番地,0749-45-1528,0749-45-3062
700095,あけぼの化成□,,あけぼの化成□,,,,,
700101,旭化成住工株式会社ｱｾﾝﾌﾞﾙ1課,,旭化成住工ｱｾﾝﾌﾞﾙ,ｱｻﾋｶｾｲｼﾞｭｳ,527-0103,滋賀県東近江市湯屋町1番地 第二製造部,0749-45-2634,0749-45-3290
700105,浅田石油□,,浅田石油□,,,,,
700111,旭ｺﾞﾑ株式会社本社,,旭ｺﾞﾑ本社,ｱｻﾋｺﾞﾑ,550-0004,大阪市西区靫本町2丁目6-18,06-6441-5071,06-6441-5069
700115,旭ﾌﾟﾚｼｼﾞｮﾝ□,,旭ﾌﾟﾚｼｼﾞｮﾝ□,,,,,
700121,旭ｺﾞﾑ株式会社枚方事業所,,旭ｺﾞﾑ枚方事業所,ｱｻﾋｺﾞﾑ,573-0005,枚方市池の宮4丁目15-8,072-840-5541,072-840-5069
700125,安達新産業株式会社,,安達新産業,ｱﾀﾞﾁｼﾝｻﾝｷﾞ,550-0012,大阪府大阪市西区立売堀1-14-20ｱﾆｯｸｽﾋﾞﾙ10階,06-6536-2051,06-6536-2015
700131,有限会社ｱｻﾋｻﾝﾌﾟﾙ,,ｱｻﾋｻﾝﾌﾟﾙ,ｱｻﾋｻﾝﾌﾟﾙ,422-8051,静岡市駿河区中野新田57-57,054-654-8055,054-654-8730
700141,有限会社旭食品ｻﾝﾌﾟﾙ製作所,,旭食品ｻﾝﾌﾟﾙ製作所,ｱｻﾋｼｮｸﾋﾝｻﾝ,468-0055,愛知県名古屋市天白区池場3丁目1911番地,052-801-3115,052-801-3143
700146,ｱﾗﾏｰｸﾕﾆﾌｫｰﾑ□,,ｱﾗﾏｰｸﾕﾆﾌｫｰﾑ□,,,,,
700155,ｱﾗﾑ□,,ｱﾗﾑ□,,,,,
700161,安藤食品ｻﾝﾌﾟﾙ製作所 700161,,安藤食品ｻﾝﾌﾟﾙ製作所,ｱﾝﾄﾞｳ,511-0009,三重県桑名市桑名476-90,0594-84-7355,0594-84-7356
700165,ｱﾘｽｹﾐｶﾙ(株)□,,ｱﾘｽｹﾐｶﾙ(株)□,,,,,
700171,旭ｺﾞﾑ株式会社 船橋営業所,,旭ｺﾞﾑ 船橋営業所,ｱｻﾋｺﾞﾑ,273-0018,千葉県船橋市栄町2-9-13,047-435-1881,047-431-0105
700176,ｱﾙﾊﾟｽﾀｯﾌ□,,ｱﾙﾊﾟｽﾀｯﾌ□,,,,,
700181,株式会社ｱﾌﾟﾘｺ,,株式会社ｱﾌﾟﾘｺ,ｱﾌﾟﾘｺ,157-0061,東京都世田谷区北烏山2-5-11,090-1059-0125,
700191,株式会社ｱｲｴｲｼｰｺﾏｰｽ,,株式会社ｱｲｴｲｼｰｺﾏｰｽ,ｱｲｴｲｼｰｺﾏｰｽ,102-0072,東京都千代田区飯田橋3-11-13i-MARK ANNEX9F,03-6261-6830,
700201,朝日ｽﾁｰﾙ工業株式会社,,朝日ｽﾁｰﾙ工業株式会社,ｱｻﾋｽﾁｰﾙｺｳｷ,760-8529,香川県高松市花園町1丁目2番29号,087-833-5153,
700211,荒川化学株式会社,,荒川化学株式会社,ｱﾗｶﾜｶｶﾞｸｶﾌ,651-2276,兵庫県神戸市西区春日台6丁目22-3,078-961-6399,078-961-6722
700221,株式会社ｱｰﾄﾋﾞｰｸﾙｰ,,㈱ｱｰﾄﾋﾞｰｸﾙｰ,ｱｰﾄﾋﾞｰｸﾙｰ,334-0011,埼玉県川口市三ツ和2-35-1,048-281-1366,048-281-1482
701012,有限会社ｲｰﾃｯｸ,,ｲｰﾃｯｸ,ｲｰﾃｯｸ,061-1111,北海道北広島市北の里341-4,011-372-2551,011-372-2119
701015,生駒□,,生駒□,,,,,
701026,ｲｰｴﾌﾃｸﾉ□,,ｲｰｴﾌﾃｸﾉ□,,,,,
701031,ｲｰﾋﾞｰｴﾑ株式会社,,ｲｰﾋﾞｰｴﾑ,ｲｰﾋﾞｰｴﾑｶﾌﾞ,143-0013,東京都大田区大森南4-6-15ﾃｸﾉﾌﾛﾝﾄ森ヶ崎508号,03-5737-2884,03-6893-1754
701045,ｲｲﾉ□,,ｲｲﾉ□,,,,,
701051,伊藤忠ﾌﾟﾗｽﾁｯｸｽ株式会社 名古屋,善山,伊藤忠ﾌﾟﾗｽﾁｯｸｽ名古屋,ｲﾄｳﾁｭｳﾌﾟﾗｽ,450-0002,愛知県名古屋市中村区名駅4-4-10名古屋ｸﾛｽｺｰﾄﾀﾜｰ16階,052-533-0151,052-533-0155
701055,井川製作所□,,井川製作所□,,,,,
701065,ｲｸﾉｿﾞｳｷ□,,ｲｸﾉｿﾞｳｷ□,,,,,
701071,因幡電機産業株式会社　(5340301),,因幡電機産業,ｲﾅﾊﾞﾃﾞﾝｷｻﾝ,577-0065,大阪府東大阪市高井田中5-3-15,06-6618-1783,06-6618-1787
701076,石狩環境ﾒﾝﾃﾅﾝｽｾﾝﾀｰ□,,石狩環境ﾒﾝﾃﾅﾝｽｾﾝﾀｰ□,,,,,
701081,今井ｺﾞﾑ株式会社,,今井ｺﾞﾑ,ｲﾏｲｺﾞﾑ,173-0004,東京都板橋区板橋1-48-17,090-9372-9095,
701091,株式会社ｲﾜｲｻﾝﾌﾟﾙ,,ｲﾜｲｻﾝﾌﾟﾙ,ｲﾜｲｻﾝﾌﾟﾙ,547-0014,大阪市平野区長吉川辺3-8-53,06-6707-6007,06-6707-5996
701096,石狩新港卸ｾﾝﾀｰ□,,石狩新港卸ｾﾝﾀｰ□,,,,,
701101,株式会社いわさき,,いわさき,ｲﾜｻｷ,599-8107,大阪府堺市東区白鷺町1丁8番15号,072-259-9557,072-259-0062
701111,株式会社岩崎総合研究所,,岩崎総合研究所,ｲﾜｻｷｿｳｺﾞｳ,501-4106,岐阜県郡上市美並町白山1319-1,0575-79-2213,0575-79-2025
701116,ｲｽﾄ□,,ｲｽﾄ□,,,,,
701121,有限会社岩本製作所,,岩本製作所,ｲﾜﾓﾄｾｲｻｸｼｮ,610-0314,京都府京田辺市宮津灰崎68-1,0774-65-3999,0774-65-3988
701125,伊勢運輸□,,伊勢運輸□,,,,,
701135,ｲﾁｲ有限会社,,ｲﾁｲ,ｲﾁｲ,574-0042,大阪府大東市大野1丁目9-10,072-872-0519,072-874-0041
701141,株式会社岩崎 Be-iﾌｧｸﾄﾘｰ横浜,,株式会社岩崎 Be-iﾌｧｸﾄﾘｰ横浜,ｲﾜｻｷﾋﾞｰ,230-0051,神奈川県横浜市鶴見区鶴見中央3-7-5,045-508-3761,045-508-3762
701146,ｲﾁｲﾂｰﾙ□,,ｲﾁｲﾂｰﾙ□,,,,,
701155,伊藤忠ﾌﾟﾗｽﾁｯｸｽ株式会社,,伊藤忠ﾌﾟﾗｽﾁｯｸｽ,ｲﾄｳﾁｭｳﾌﾟﾗｽ,540-6028,大阪市中央区城見1-2-27大阪樹脂一部 販売一課,06-4794-7931,06-4794-7941
701166,伊藤電気商会□,,伊藤電気商会□,,,,,
701185,稲畑産業株式会社,,稲畑産業,ｲﾅﾊﾞﾀｻﾝｷﾞｮ,542-8558,大阪市中央区南船場1-15-14 合成樹脂第一本部,06-6267-6256,
701191,株式会社ｲﾑﾗｻﾝﾌﾟﾙ　　　701191,,株式会社ｲﾑﾗｻﾝﾌﾟﾙ,ｲﾑﾗ,558-0055,大阪府大阪市住吉区万代6丁目19-19,06-6672-3771,06-6671-9515
701196,ｲｰﾅｯｸ□,,ｲｰﾅｯｸ□,,,,,
701201,因幡電機産業株式会社(請求書)　(5340301),,因幡電機産業(請求書),ｲﾅﾊﾞﾃﾞﾝｷｻﾝ,550-0012,大阪府大阪市西区立売堀4-11-14,06-4391-1781,06-4391-1856
701211,因幡電機産業株式会社 技術本部,　技術開発統括部,因幡電機産業 (開発),ｲﾅﾊﾞﾃﾞﾝｷｻﾝ,577-0065,大阪府東大阪市高井田中5-3-15,06-6618-1783,06-6618-1787
702021,ｳﾗﾉ,,ｳﾗﾉ,ｳﾗﾉ,538-0054,大阪市鶴見区緑4-2-64,06-6953-2582,06-6954-5166
702025,ｳｨﾙﾊﾞｰｴﾘｽ□,,ｳｨﾙﾊﾞｰｴﾘｽ□,,,,,
703016,北海道ｴｱｳｫｰﾀｰ□,,北海道ｴｱｳｫｰﾀｰ□,,,,,
703021,永和株式会社,,永和,ｴｲﾜ,541-0043,大阪市中央区高麗橋号3丁目1番11 日宝淀屋橋ﾋﾞﾙ,06-6231-9176,06-6231-9375
703026,ｴｱｰｳｫｰﾀｰ□,,ｴｱｰｳｫｰﾀｰ□,,,,,
703032,ｴｰｽﾗｹﾞｰｼﾞ株式会社,,ｴｰｽﾗｹﾞｰｼﾞ,ｴｰｽﾗｹﾞｰｼﾞ,079-1264,赤平市茂尻旭町2丁目13番地,0125-33-7057,0125-33-8411
703035,栄光電子工業□,,栄光電子工業□,,,,,
703042,ｴｰｽﾗｹﾞｰｼﾞ株式会社,商品開発部 谷,ｴｰｽﾗｹﾞｰｼﾞ 開発 谷,ｴｰｽﾗｹﾞｰｼﾞ,079-1264,赤平市茂尻旭町2丁目13番地,0125-32-4245,0125-32-1722
703056,HBS□,,HBS□,,,,,
703062,株式会社ｴｰﾋﾞｼｽﾃﾑ 福島本社,,ｴｰﾋﾞｰｼｽﾃﾑ,ｴｰﾋﾞｰｼｽﾃﾑ,969-0101,福島県西白河郡泉崎村泉崎字上狐山2-1,0248-54-1010,0248-53-4005
703066,永和化成工業□,,永和化成工業□,,,,,
703071,ｴﾑﾃｸﾉ株式会社,,ｴﾑﾃｸﾉ株式会社,ｴﾑﾃｸﾉｶﾌﾞｼｷ,640-1174,和歌山県海南市木津34-2,073-487-2666,073-463-5817
703082,株式会社ｴｸｾﾙｼｬﾉﾝ 栗山工場,開発技術本部 宮川,ｴｸｾﾙｼｬﾉﾝ栗山工場,ｴｸｾﾙｼｬﾉﾝ,069-1507,北海道夕張郡栗山町旭台1-63,0123-72-2826,0123-72-5131
703085,ｴｰﾋﾟｰｼｽﾃﾑ□,,ｴｰﾋﾟｰｼｽﾃﾑ□,,,,,
703092,株式会社ｴﾑ･ﾏﾂﾊﾞﾗ,,ｴﾑ･ﾏﾂﾊﾞﾗ,ｴﾑﾏﾂﾊﾞﾗ,062-0054,札幌市豊平区月寒東4条9丁目5番11号,011-853-8011,011-851-5761
703095,ｴｼﾛ化学□,,ｴｼﾛ化学□,,,,,
703101,ｴｽﾃｰ,,ｴｽﾃｰ,ｴｽﾃｰ,161-0033,東京都新宿区下落合1-4-10,03-5906-0736,
703106,ｴｽｱｰﾙｴｽ□,,ｴｽｱｰﾙｴｽ□,,,,,
703121,株式会社EBISU,,ｴﾋﾞｽ,ｴﾋﾞｽ,422-8044,静岡県静岡市駿河区西脇165-1,054-283-4561,054-283-4565
703125,ｴﾑｽﾘｰ□,,ｴﾑｽﾘｰ□,,,,,
703131,興和江守株式会社 富山化学品G,,興和江守株式会社 富山化学品G,ｴﾓﾘｼｮｳｼﾞ,930-0858,富山県富山市牛島町18-7ｱｰﾊﾞﾝﾌﾟﾚｲｽ7階,076-442-1261,076-442-1375
703135,ｴﾑﾃｰｱｲ□,,ｴﾑﾃｰｱｲ□,,,,,
703141,株式会社ｴｲｺｰ桐生,,株式会社ｴｲｺｰ桐生,ｴｲｺｰｷﾘｭｳ,525-0043,滋賀県草津市馬場町1100番9,077-564-2449,
703151,ｴｰﾓﾝ工業株式会社,,ｴｰﾓﾝ工業,ｴｰﾓﾝ,679-2289,兵庫県神崎郡福崎町南田原２０７７－１,0790-22-6340,0790-27-8614
703155,M＆E□,,M＆E□,,,,,
704011,王子ｺﾞﾑ化成株式会社 山口工場*,,王子ｺﾞﾑ化成 山口工場,ｵｳｼﾞｺﾞﾑｶｾｲ,754-0894,山口市大字佐山字村山3-55 山口ﾃｸﾉﾊﾟｰｸ内,083-989-5639,083-989-6456
704016,及川刃物□,,及川刃物□,,,,,
704021,王子ｺﾞﾑ化成株式会社 本社　*,,王子ｺﾞﾑ化成 本社,ｵｳｼﾞｺﾞﾑｶｾｲ,747-0822,山口県防府市勝間2丁目1-6,0835-22-3956,0835-26-1007
704026,ｵｲﾙﾀｰﾐﾅﾙ□,,ｵｲﾙﾀｰﾐﾅﾙ□,,,,,
704031,大吉ﾌﾟﾗｽﾁｯｸ工業株式会社,,大吉ﾌﾟﾗｽﾁｯｸ工業株式会社,ｵｵﾖｼﾌﾟﾗｽﾁｯ,578-0941,大阪府東大阪市岩田町6丁目7-25,072-964-9858,072-964-9859
704041,AUTHENTIC TRADE株式会社,,AUTHENTIC TRADE,ｵｰｾﾝﾃｨｯｸﾄﾚ,636-0815,奈良県生駒郡三郷町勢野北4-8-39,090-8528-7336,0745-60-6881
704042,大石金属工業株式会社,,大石金属工業,ｵｵｲｼｷﾝｿﾞｸ,537-0022,大阪府大阪市東成区中本5丁目14番18号,06-6975-0140,06-6975-1770
704046,ｵｶﾍﾞﾏｰｷﾝｸﾞｼｽﾃﾑ□,,ｵｶﾍﾞﾏｰｷﾝｸﾞｼｽﾃﾑ□,,,,,
704055,大阪塩ビ□,,大阪塩ビ□,,,,,
704062,株式会社太田精器,,太田精器,ｵｵﾀｾｲｷ,079-0304,空知郡奈井江町字奈井江609番地,0125-65-2552,0125-65-2553
704065,大阪特殊刃物□,,大阪特殊刃物□,,,,,
704072,大峰化学株式会社,,大峰化学,ｵｵﾐﾈｶｶﾞｸｶﾌ,571-0002,大阪府門真市岸和田3-29-1,072-882-5249,072-882-6244
704075,大谷労務□,,大谷労務□,,,,,
704082,使用ｼﾅｲ□,,使用ｼﾅｲ□,,,,,
704085,大塚商会□,,大塚商会□,,,,,
704101,ｵｶﾞﾉ 南関東営業所,,ｵｶﾞﾉ,ｵｶﾞﾉ,242-0022,神奈川県大和市柳橋2丁目14-1,046-268-2630,046-268-2422
704111,株式会社ｵｶﾑﾗ 御殿場事業所,製造管理部,ｵｶﾑﾗ(納品書),ｵｶﾑﾗ,412-0003,静岡県御殿場市柴怒田744,0550-88-2807,0550-89-1295
704121,株式会社ｵｶﾑﾗ 御殿場事業所,,ｵｶﾑﾗ(請求書),ｵｶﾑﾗ,412-0003,静岡県御殿場市柴怒田744製造管理部資材課,0550-88-2803,0550-89-3576
704131,株式会社ｵｶﾑﾗ 東京,,ｵｶﾑﾗ 東京,ｵｶﾑﾗ,101-0047,東京都千代田区内神田1-1-7東大手ﾋﾞﾙ6階,03-3259-6118,03-3259-6100
704141,株式会社ｵｻﾀﾞｺｰﾎﾟﾚｰｼｮﾝ,,ｵｻﾀﾞｺｰﾎﾟﾚｰｼｮﾝ,ｵｻﾀﾞｺｰﾎﾟﾚｰ,251-0871,神奈川県藤沢市善行1-6-1,0466-47-7546,0466-47-7284
704145,岡畑産業□,,岡畑産業□,,,,,
704151,株式会社小田原ｻﾝﾌﾟﾙ,,小田原ｻﾝﾌﾟﾙ,ｵﾀﾞﾜﾗ,250-0055,神奈川県小田原市久野181,0465-35-5448,0465-35-5442
704161,株式会社おりある　　　　　704161,,おりある,ｵﾘｱﾙ,114-0001,東京都北区東十条2-4-12,03-5944-6115,03-3911-6115
704165,小倉商店□,,小倉商店□,,,,,
704181,ｵﾘﾝﾊﾟｽ株式会社,,ｵﾘﾝﾊﾟｽ,ｵﾘﾝﾊﾟｽ,163-0914,東京都新宿区西新宿2-3-1新宿ﾓﾉﾘｽ,03-3340-2111,
704191,ｵﾘｶﾞﾐ社ﾎｰﾙﾃﾞｨﾝｸﾞｽ株式会社,,ｵﾘｶﾞﾐ社ﾎｰﾙﾃﾞｨﾝｸﾞｽ㈱,ｵﾘｶﾞﾐｼｬﾎｰﾙ,916-0021,福井県鯖江市三六町2丁目5-11,0778-52-7727,0778-52-7767
704201,岡安ｺﾞﾑ株式会社,,岡安ｺﾞﾑ株式会社,ｵｶﾔｽｺﾞﾑｶﾌﾞ,525-0042,滋賀県草津市山寺町271-1 山寺第2工業団地,077-562-7271,077-562-7289
710011,角一化成株式会社　　　　　*,,角一化成,ｶｸｲﾁｶｾｲ,564-0051,大阪府吹田市豊津町31-10,06-6380-3901,06-6380-3914
710021,化成品産業株式会社,,化成品産業,ｶｾｲﾋﾝｻﾝｷﾞｮ,630-0121,奈良県生駒市北大和4丁目1-5,0743-79-5600,0743-79-5603
710035,ｶﾀｵｶｼｭｳｿﾞｳ□,,ｶﾀｵｶｼｭｳｿﾞｳ□,,,,,
710045,ｶﾀ技術□,,ｶﾀ技術□,,,,,
710061,株式会社可門ﾌﾟﾘﾝﾄﾗﾎﾞ,,可門ﾌﾟﾘﾝﾄﾗﾎﾞ,ｶﾓﾝﾌﾟﾘﾝ,577-0065,大阪府東大阪市高井田中3-12-24,06-6789-6479,06-6789-8158
710066,ｶﾈﾊﾟｯｹｰｼﾞ□,,ｶﾈﾊﾟｯｹｰｼﾞ□,,,,,
710071,株式会社河村製作所,,河村製作所,ｶﾜﾑﾗｾｲｻｸｼｮ,653-0052,兵庫県神戸市長田区海運町8丁目39,078-735-0560,078-735-3261
710085,秋山化学□,,秋山化学□,,,,,
710105,加美ｺﾝﾋﾟｭｰﾀ□,,加美ｺﾝﾋﾟｭｰﾀ□,,,,,
710115,ｶﾓﾄ金型□,,ｶﾓﾄ金型□,,,,,
710125,河内機械□,,河内機械□,,,,,
710136,川股機械□,,川股機械□,,,,,
710145,関西ﾌｧｽﾅｰ□,,関西ﾌｧｽﾅｰ□,,,,,
710155,関西ﾏﾂﾀﾞ□,,関西ﾏﾂﾀﾞ□,,,,,
710165,使用ｼﾅｲ□,,使用ｼﾅｲ□,,,,,
710176,環商事□,,環商事□,,,,,
711055,北川商店□,,北川商店□,,,,,
711076,北村化学産業株式会社,札幌営業所,北村化学産業,ｷﾀﾑﾗｶｶﾞｸ,004-0041,札幌市厚別区大谷地東１丁目3-23,011-801-3322,011-801-3323
711082,使用ｼﾅｲ□,,使用ｼﾅｲ□,,,,,
711085,KISCO株式会社,,KISCO株式会社,,,,,
711091,KISCO株式会社,合成樹脂部,KISCO,ｷｽｺ,541-8513,大阪府大阪市中央区伏見町3丁目3番7号,06-6202-2261,06-6222-5217
711095,ｷﾉｼﾀﾐｷｵ□,,ｷﾉｼﾀﾐｷｵ□,,,,,
711101,北村化学産業株式会社 大阪営業部,,北村化学産業 大阪,ｷﾀﾑﾗｶｶﾞｸ,541-0046,大阪府大阪市中央区平野町1丁目8番13号,06-6202-8172,06-6222-6515
711105,QAｼｽﾃﾑｽﾞ□,,QAｼｽﾃﾑｽﾞ□,,,,,
711116,協栄樹脂□,,協栄樹脂□,,,,,
711121,木成ｺﾞﾑ株式会社,,木成ｺﾞﾑ,ｷﾅﾘｺﾞﾑｶﾌﾞ,531-0072,大阪府大阪市北区豊崎6-11-7,06-6371-9181,06-6371-9186
711131,株式会社ｷｬｯﾄｱｲ　　*,交通ｼｽﾃﾑ営業部　儀賀,ｷｬｯﾄｱｲ,ｷｬｯﾄｱｲ,546-0041,大阪府大阪市東住吉区桑津2-8-25,06-6719-2637,06-6719-2362
711135,使用ｼﾅｲ□,,使用ｼﾅｲ□,,,,,
711141,共栄化成株式会社,,共栄化成,ｷｮｳｴｲｶｾｲ,574-0051,大阪府大東市新田境町3-5,072-871-7898,072-871-7543
711151,京都ｻﾝﾌﾟﾙ　　　　　　711151,,京都ｻﾝﾌﾟﾙ,ｷｮｳﾄｻﾝﾌﾟﾙ,610-0311,京都府京田辺市草内一の坪22-10,0774-64-3488,0774-64-3488
711161,共和ｺﾞﾑ株式会社,,共和ｺﾞﾑ,ｷｮｳﾜｺﾞﾑ,573-0102,大阪府枚方市長尾家具町3-4-3,072-855-1039,072-855-1090
711171,共和ｺﾞﾑ株式会社　M,,共和ｺﾞﾑ M,ｷｮｳﾜｺﾞﾑ,573-0102,大阪府枚方市長尾家具町3-4-3,03-5255-5133,03-6740-2115
711191,錦城護謨株式会社　　　　　#,資材倉庫,錦城護謨,ｷﾝｼﾞｮｳｺﾞﾑ,581-0068,八尾市跡部北之町1丁目4-25,0729-92-2324,0729-94-2366
711201,錦城護謨株式会社(2),,錦城護謨(2),ｷﾝｼﾞｮｳｺﾞﾑ,581-0068,八尾市跡部北之町1丁目4-25営業部 西田様,0729-92-2323,
711211,錦城護謨㈱土木部 上野工場,,錦城護謨 土木事業部,ｷﾝｼﾞｮｳｺﾞﾑ,518-1152,三重県伊賀市予野字上切3012-7,0595-20-1857,0595-20-1907
712015,国松□,,国松□,,,,,
712025,國本素子□,,國本素子□,,,,,
712031,ｸﾗﾚﾌｧｽﾆﾝｸﾞ株式会社,大阪事業所,ｸﾗﾚﾌｧｽﾆﾝｸﾞ,ｸﾗﾚﾌｧｽﾆﾝｸﾞ,530-8611,大阪府大阪市北区角田町８番１号梅田阪急ﾋﾞﾙｵﾌｨｽﾀﾜｰ,06-7635-1870,06-7635-1860
712035,ｸﾗﾚﾄﾚｰﾃﾞｨﾝｸﾞ株式会社,大阪ｴﾗｽﾄﾏｰGr,ｸﾗﾚﾄﾚｰﾃﾞｨﾝｸﾞ,ｸﾗﾚﾄﾚｰﾃﾞｨﾝ,530-8611,大阪府大阪市北区角田町８番１号梅田阪急ﾋﾞﾙｵﾌｨｽﾀﾜｰ39階,06-7635-1799,06-7635-1983
712041,ｸﾗﾚﾌｧｽﾆﾝｸﾞ株式会社 東京営業所,,ｸﾗﾚﾌｧｽﾆﾝｸﾞ東京,ｸﾗﾚﾌｧｽﾆﾝｸﾞ,100-0004,東京都千代田区大手町1-1-3大手ｾﾝﾀｰﾋﾞﾙ,03-6701-1412,03-6701-1420
712045,㈱ｸﾎﾞﾀｹﾐｯｸｽ□,,㈱ｸﾎﾞﾀｹﾐｯｸｽ,,,,,
712051,ｸﾘﾔﾏ株式会社 明石支店,,ｸﾘﾔﾏ 明石支店,ｸﾘﾔﾏｱｶｼ,673-0892,兵庫県明石市本町2-2-20朝日生命明石ﾋﾞﾙ6階,078-912-6272,078-912-6276
712055,株式会社栗巣鉄工□,,株式会社栗巣鉄工□,ｸﾘｽｽﾃｯｺｳｼｶ,577-0849,,,
712061,ｸﾘﾔﾏ株式会社 調達部 製品管理ｸﾞﾙｰﾌﾟ,,ｸﾘﾔﾏ,ｸﾘﾔﾏｵｵｻｶ,540-6325,大阪市中央区城見1丁目3番7号松下IMPﾋﾞﾙ25階,06-6910-7013,06-6910-7031
712071,ｸﾘﾔﾏ株式会社 金沢出張所,,ｸﾘﾔﾏ 金沢出張所,ｸﾘﾔﾏｶﾅｻﾞﾜ,920-0055,金沢市北町丁35林ビル3F,0762-23-6631,0762-23-6520
712081,ｸﾘﾔﾏ株式会社 九州支社,,ｸﾘﾔﾏ 九州支社,ｸﾘﾔﾏｷｭｳｼｭｳ,812-0006,福岡市博多区上牟田3丁目3-24,092-413-5510,092-413-5530
712091,ｸﾘﾔﾏ株式会社 東京支店,,ｸﾘﾔﾏ 東京支店,ｸﾘﾔﾏﾄｳｷｮｳ,101-0062,東京都千代田区神田駿河台3-4-3 龍名館本店ﾋﾞﾙ8階,03-5298-7882,03-5296-0029
712101,ｸﾘﾔﾏ株式会社 松山出張所,,ｸﾘﾔﾏ 松山出張所,ｸﾘﾔﾏﾏﾂﾔﾏ,790-0003,愛媛県松山市三番町7-13-13ﾐﾂﾈﾋﾞﾙﾃﾞｨﾝｸﾞ602号,089-900-8900,089-900-8901
712111,ｸﾘﾔﾏ株式会社 横浜,,ｸﾘﾔﾏ 横浜,ｸﾘﾔﾏﾖｺﾊﾏ,222-0033,神奈川県横浜市港北区新横浜3丁目18-14,045-471-3033,045-471-3035
712122,ｸﾚﾄｲｼ株式会社 建材事業部,恵庭工場,ｸﾚﾄｲｼ 建材事業部,ｸﾚﾄｲｼ,061-1405,恵庭市戸磯193-13,0123-33-8400,0123-33-8411
712141,ｸﾚﾊｴﾗｽﾄﾏｰ株式会社 東京支店 山田,,ｸﾚﾊｴﾗｽﾄﾏｰ 東京支店,ｸﾚﾊｴﾗｽﾄﾏｰｶ,110-0016,東京都台東区台東2丁目9-4明治生命秋葉原昭和通りﾋﾞﾙ9F,03-3832-6120,
713011,ｹｲ･ﾏｯｸ株式会社,,ｹｲ･ﾏｯｸ,ｹｲﾏｯｸ,612-8455,京都市伏見区中島外山町113,075-622-0871,075-621-2967
713021,株式会社ｹｲｹｲ,,株式会社ｹｲｹｲ,ｹｲｹｲ,680-0461,鳥取県八頭郡八頭町郡家199-1,0858-72-1122,0858-72-3266
714011,株式会社ｺﾞｳﾀﾞ,神戸事業部 加地,ｺﾞｳﾀﾞ,ｺﾞｳﾀﾞ,651-0087,神戸市中央区御幸通7-1-15 三宮ﾋﾞﾙ南館8階,078-251-2451,078-251-2456
714015,使用ｼﾅｲｺｰｶﾞｱｲｿﾄｰﾌﾟ□,,使用ｼﾅｲｺｰｶﾞｱｲｿﾄｰﾌﾟ□,,,,,
714016,ｺｰｶﾞｱｲｿﾄｰﾌﾟ□,,ｺｰｶﾞｱｲｿﾄｰﾌﾟ□,,,,,
714022,合同容器株式会社,,合同容器,ｺﾞｳﾄﾞｳﾖｳｷ,061-1433,恵庭市北柏木町3丁目39番,0123-33-8424,0123-33-8348
714036,高新木材□,,高新木材□,,,,,
714041,江南ｼﾞｰﾃｯｸ株式会社,,江南ｼﾞｰﾃｯｸ,ｺｳﾅﾝｼﾞｰﾃｯｸ,254-0015,神奈川県平塚市東八幡5丁目11-14,0463-23-7781,0463-23-7753
714051,株式会社ｺｰｼﾝｲﾝﾃｯｸｽ,,ｺｰｼﾝｲﾝﾃｯｸｽ,ｺｰｼﾝ,399-0007,長野県松本市石芝４丁目2-14,0263-26-7711,0263-27-3596
714055,高分子計器□,,高分子計器□,,,,,
714071,ｺｸﾖ株式会社 商品本部,示す･整えるVU開発ｸﾞﾙｰﾌﾟ,ｺｸﾖ,ｺｸﾖ,537-0013,大阪市東成区大今里南6-1-1,06-6973-9181,06-6972-9181
714076,ｺｰﾝｽﾞﾄﾞｯﾄｳｪﾙｺｰﾃﾞｨﾝｸﾞ□,,ｺｰﾝｽﾞﾄﾞｯﾄｳｪﾙｺｰﾃﾞｨﾝｸﾞ□,,,,,
714081,株式会社ｺｽﾓﾄﾚｰﾃﾞｨﾝｸﾞ,,ｺｽﾓﾄﾚｰﾃﾞｨﾝｸﾞ,ｺｽﾓﾄﾚｰﾃ,541-0044,大阪府大阪市中央区伏見町2-1-1三井住友ﾋﾞﾙ9階,06-4707-6366,06-4707-0111
714085,ｺｽﾓ石油□,,ｺｽﾓ石油□,,,,,
714091,株式会社ｺﾏﾃﾞﾝ 本社, 総務部・購買G,ｺﾏﾃﾞﾝ 本社,ｺﾏﾃﾞﾝ,106-0044,東京都港区東麻布2-22-1,03-3582-9658,03-3582-9619
714101,金剛化学　株式会社,,金剛化学,ｺﾝｺﾞｳｶｶﾞｸ,635-0051,奈良県大和高田市根成柿105-1,0745-22-7828,0745-22-7882
714105,ｺｽﾓﾎﾟﾘﾏｰ□,,ｺｽﾓﾎﾟﾘﾏｰ□,,,,,
714116,小山商店□,,小山商店□,,,,,
714132,ｺｰﾃﾞﾝｼDH株式会社 生産部 購買Gr,,ｺｰﾃﾞﾝｼDH,ｺｰﾃﾞﾝｼ,392-0016,長野県諏訪市豊田361番地1,0266-58-7531,0266-58-8041
714141,香西ｻﾝﾌﾟﾙ　　714141,,香西ｻﾝﾌﾟﾙ,ｺｳｻﾞｲｻﾝﾌﾟﾙ,761-8081,高松市成合町650-5,087-885-8102,087-885-8102
720011,有限会社ｻｲｾｷ,,ｻｲｾｷ,ｻｲｾｷ,791-8056,愛媛県松山市別府町805-1,089-951-3929,089-989-4476
720015,齋藤㈱　□,,齋藤㈱　□,ｻｲﾄｳｶﾌﾞｼｶｸ,,,,
720016,ｻｶｲｵｰﾍﾞｯｸｽ□,,ｻｶｲｵｰﾍﾞｯｸｽ□,,,,,
720021,3103KITCHEN(加藤聡美）　720021,,3103KITCHEN(加藤聡美)720021,ｻﾄﾐｷｯﾁﾝ,510-8031,三重県四日市市川北1-17-12,090-9922-5775,
720022,嵯峨電機工業株式会社 技術部 金子,,嵯峨電機工業 金子,ｻｶﾞﾃﾞﾝｷｺｳｷ,146-0083,東京都大田区千鳥2-39-26,03-3758-8691,03-3759-7257
720025,栄金属□,,栄金属□,,,,,
720032,嵯峨電機工業株式会社 ﾃｸﾆｶﾙｾﾝﾀｰ,,嵯峨電機工業ﾃｸﾆｶﾙｾﾝﾀ,ｻｶﾞﾃﾞﾝｷｺｳｷ,146-0083,東京都大田区千鳥2-39-26,03-3758-2249,03-3758-7257
720045,JINTECH坂下　□,,JINTECH坂下　□,,,,,
720046,株式会社栄ﾗｲﾄ工業所,,㈱栄ﾗｲﾄ工業所,ｻｶｴﾗｲﾄ,574-0052,大阪府大東市新田北町1-18,072-871-3841,072-874-2756
720052,株式会社札幌ｺﾞﾑ,,札幌ｺﾞﾑ,ｻｯﾎﾟﾛｺﾞﾑ,063-0835,札幌市西区発寒15条12丁目2-45,011-666-5656,011-666-3232
720055,佐川急便大阪□,,佐川急便大阪□,,,,,
720062,株式会社札幌立体ﾃﾞｰﾀｻｰﾋﾞｽ,,札幌立体ﾃﾞｰﾀｻｰﾋﾞｽ,ｻｯﾎﾟﾛﾘｯﾀｲﾃ,060-0032,札幌市中央区北2条東1丁目3-3北2条ｻﾝﾏｳﾝﾃﾝﾋﾞﾙ3階 SHARE内,090-4879-8203,
720066,佐川急便北海道□,,佐川急便北海道□,,,,,
720075,崎山化工所□,,崎山化工所□,,,,,
720081,株式会社佐野商会,,佐野商会,ｻﾉｼｮｳｶｲｼｮｳ,530-0005,大阪府大阪市北区中之島2-3-18中之島ﾌｪｽﾃｨﾊﾞﾙﾀﾜｰ19F,06-6221-1223,06-6221-1225
720086,札樽自動車運輸□,,札樽自動車運輸□,,,,,
720096,ｻﾝ･ｱﾛｰ化成株式会社,営業部 部長 原田,ｻﾝ･ｱﾛｰ化成　原田,ｻﾝｱﾛｰｶｾｲ,530-0005,大阪府大阪市北区中之島2丁目2-7中之島ｾﾝﾄﾗﾙﾀﾜｰ19階,06-6201-7250,06-6201-7257
720106,札幌谷藤□,,札幌谷藤□,,,,,
720121,三協化工株式会社,,三協化工,ｻﾝｷｮｳｶｺｳ,547-0001,大阪市平野区加美北6丁目2-22,06-6792-6825,06-6793-6200
720126,札幌通運□,,札幌通運□,,,,,
720131,株式会社ｻﾝｴｰ,,株式会社ｻﾝｴｰ,ｻﾝｴｰ,728-0017,広島県三次市南畑敷町870-38,0824-63-5331,0824-63-3584
720136,札幌通運滝川□,,札幌通運滝川□,,,,,
720141,株式会社ｻｸﾗｸﾚﾊﾟｽ,,株式会社ｻｸﾗｸﾚﾊﾟｽ,ｻｸﾗｸﾚﾊﾟｽ,578-0901,大阪府東大阪市加納7-18-47,072-873-5509,072-873-6070
720146,札幌日産自動車□,,札幌日産自動車□,,,,,
720152,株式会社ｻﾝｸﾘｴｰﾄ,,ｻﾝｸﾘｴｰﾄ,ｻﾝｸﾘｴｰﾄ,007-0843,札幌市東区北43条東1丁目6-10,011-704-8711,011-702-8722
720156,佐藤包装紙器□,,佐藤包装紙器□,,,,,
720165,ｻｶｾ化学工業株式会社,,ｻｶｾ化学工業㈱,ｻｶｾｶｶﾞｸ,910-0147,福井県福井市下森田町3-5,0776-56-1122,0776-56-3698
720202,三洋工業株式会社 札幌営業所,,三洋工業 札幌営業所,ｻﾝﾖｳｺｳｷﾞｮｳ,003-0873,札幌市白石区米里3条2丁目7-1,011-879-3451,011-879-3452
720212,株式会社三洋工業北海道ｼｽﾃﾑ,,三洋工業北海道ｼｽﾃﾑ,ｻﾝﾖｳｺｳｷﾞｮｳ,003-0822,札幌市白石区米里3条2丁目7-1,011-871-8780,011-871-8783
720221,山陽電気工業株式会社,,山陽電気工業,ｻﾝﾖｳﾃﾞﾝｷｺｳ,720-0825,広島県福山市沖野上町3-1-5,084-922-1184,084-931-2248
720225,ｻﾝｴｰ製作所□,,ｻﾝｴｰ製作所□,,,,,
720235,三輝化成□,,三輝化成□,,,,,
720241,三和ｹﾐｶﾙ株式会社,,三和ｹﾐｶﾙ,ｻﾝﾜｹﾐｶﾙ,577-0061,大阪府東大阪市森河内西1-5-10,06-6787-2015,06-6787-2494
720251,三和ｺﾞﾑ工業株式会社　　　　*,,三和ｺﾞﾑ工業,ｻﾝﾜｺﾞﾑｺｳｷﾞ,636-0247,奈良県磯城郡田原本町阪手610,0744-33-2345,0744-33-4659
720252,三機製作所□,,三機製作所□,,,,,
720261,三和工業用品株式会社,,三和工業用品,ｻﾝﾜｺｳｷﾞｮｳﾖ,624-0907,舞鶴市福来問屋町17－12,0773-75-1805,0773-75-4931
720262,三和ｼﾔｯﾀｰ工業株式会社 購買部,,三和ｼﾔｯﾀｰ 購買部,ｻﾝﾜｼﾔｯﾀｰ,175-0081,東京都板橋区新河岸2-3-5,03-5998-7253,03-5998-7344
720272,三和ｼﾔｯﾀｰ工業株式会社 札幌工場,,三和ｼﾔｯﾀｰ 札幌工場,ｻﾝﾜｼﾔｯﾀｰ,061-1433,恵庭市北柏木町3丁目48番地,0123-32-4111,0123-33-4921
720275,三共商事□,,三共商事□,,,,,
720282,三和ｼﾔｯﾀｰ工業株式会社 足利工場,,三和ｼﾔｯﾀｰ 足利工場,ｻﾝﾜｼﾔｯﾀｰ,326-0332,栃木県足利市福富新町768,0284-71-4137,0284-71-4995
720285,三興商会□,,三興商会□,,,,,
720292,三和ｼﾔｯﾀｰ工業株式会社 秋田工場,,三和ｼﾔｯﾀｰ 秋田工場,ｻﾝﾜｼﾔｯﾀｰ,011-0951,秋田市土崎港相染字浜ﾅｼ山17-5,0188-46-1201,0188-46-5826
720302,三和ｼﾔｯﾀｰ工業株式会社 岐阜工場,,三和ｼﾔｯﾀｰ 岐阜工場,ｻﾝﾜｼﾔｯﾀｰ,503-2121,岐阜県不破郡垂井町516,0584-22-1211,0584-22-2102
720305,三晃ﾃｲｴﾋﾟｰ株式会社,,三晃ﾃｲｴﾋﾟｰ,ｻﾝｺｳﾃｨ,577-0809,東大阪市永和2-2-34,06-6723-3311,06-6723-3378
720312,三和ｼﾔｯﾀｰ工業株式会社 広島工場,,三和ｼﾔｯﾀｰ 広島工場,ｻﾝﾜｼﾔｯﾀｰ,731-0523,広島県安芸高田市吉田長吉田山手980,0826-43-0623,0826-43-1821
720325,三泉工業□,,三泉工業□,,,,,
720335,ｻﾝﾄｯｸｽ□,,ｻﾝﾄｯｸｽ□,,,,,
720386,ｻﾆｸﾘｰﾝ□,,ｻﾆｸﾘｰﾝ□,,,,,
720415,さくら加工　□,,さくら加工□,,,,,
720720,三昌商事□,,三昌商事□,,,,,
721015,ｼﾞｰｴﾑｴﾝｼﾞﾆｱﾘﾝｸﾞ□,,ｼﾞｰｴﾑｴﾝｼﾞﾆｱﾘﾝｸﾞ□,,,,,
721016,使用ｼﾅｲ□,,使用ｼﾅｲ□,,,,,
721031,株式会社ｼﾞｪｲ･ﾃｯｸ,,ｼﾞｪｲﾃｯｸ,ｼﾞｪｲﾃｯｸ,583-0033,大阪府藤井寺市小山5丁目13番41号,072-946-2344,072-946-2355
721041,有限会社ｼｽﾞｵｶｻﾝﾌﾟﾙ,,ｼｽﾞｵｶｻﾝﾌﾟﾙ,ｼｽﾞｵｶｻﾝﾌﾟﾙ,421-0134,静岡県静岡市駿河区青木392-1,054-257-1177,054-257-3333
721051,株式会社ｼﾅｶﾞﾜ,,ｼﾅｶﾞﾜ,ｼﾅｶﾞﾜ,,大阪府東大阪市菱江3-8-25,072-964-4756,072-964-2431
721062,株式会社ｼﾅｼﾞｰﾃｯｸ,,ｼﾅｼﾞﾃｯｸ,ｼﾅｼﾞｰﾃｯｸ,774-0045,徳島県阿南市宝田町平岡899-34,0884-24-7511,
721072,篠原電機株式会社,,篠原電機,ｼﾉﾊﾗﾃﾞﾝｷ,555-0012,大阪市西淀川区御幣島1-12-20 淀川事業所 購買部 向山様,06-6472-0039,06-6472-0069
721082,株式会社ｼﾌﾞﾀﾆ 購買部 業務1課,,ｼﾌﾞﾀﾆ,ｼﾌﾞﾀﾆ,541-0048,大阪府大阪市中央区瓦町1-2-13,06-6222-8168,06-6222-8169
721085,ｼﾞｬﾊﾟﾝﾃｸﾆｶﾙ□,,ｼﾞｬﾊﾟﾝﾃｸﾆｶﾙ□,,,,,
721091,株式会社ｼｽﾃﾑｸﾘｴｲﾄ,,株式会社ｼｽﾃﾑｸﾘｴｲﾄ,ｼｽﾃﾑｸﾘｴｲ,577-0022,大阪府東大阪市荒本新町1-20,06-6618-8555,06-6618-8566
721092,FMS清水製作所,,清水製作所,ｼﾐｽﾞｾｲｻｸｼｮ,546-0013,大阪府大阪市東住吉区湯里4-18-3B棟1F,06-6797-1335,06-6797-1386
721095,昭永緑化□,,昭永緑化□,,,,,
721105,税理士法人城会計□,,税理士法人城会計□,,,,,
721121,株式会社ｼﾞｭｹﾝ,,ｼﾞｭｹﾝ,ｼﾞｭｹﾝ,451-0025,愛知県名古屋市西区上名古屋4-7-6,052-521-9321,052-521-9324
721126,石狩市ｼﾙﾊﾞｰ人材ｾﾝﾀｰ□,,石狩市ｼﾙﾊﾞｰ人材ｾﾝﾀｰ□,,,,,
721135,使用ｼﾅｲ□,,使用ｼﾅｲ□,,,,,
721136,昭和興産株式会社,北海道営業所,昭和興産,ｼｮｳﾜｺｳｻﾝ,060-0002,札幌市中央区北2条西3丁目1番地敷島ﾋﾞﾙ8階,011-231-2428,011-221-0856
721141,食品模型のｱｲﾃﾞｨｱ　　　　　721141,,食品模型のｱｲﾃﾞｨｱ,ｼｮｸﾋﾝﾓｹｲﾉｱ,470-0133,愛知県日進市梅森台2丁目222番,052-803-6510,052-803-4995
721146,ｼﾝｾﾒｯｸ株式会社□,,ｼﾝｾﾒｯｸ株式会社□,,,,,
721151,食品ｻﾝﾌﾟﾙの日美,,食品ｻﾝﾌﾟﾙの日美,ﾆﾁﾋﾞ,811-1353,福岡県福岡市南区柏原4-20-30,092-567-0011,092-567-0010
721152,株式会社ｼﾘｺﾝﾌﾟﾗｽ,,ｼﾘｺﾝﾌﾟﾗｽ,ｼﾘｺﾝﾌﾟﾗｽ,994-0002,山形県天童市乱川1-2-52,023-674-9766,023-651-8288
721156,新栄電気工事□,,新栄電気工事□,,,,,
721166,使用ｼﾅｲ□,,使用ｼﾅｲ□,,,,,
721171,伸榮産業株式会社　　*,,伸榮産業,ｼﾝｴｲｻﾝｷﾞｮｳ,574-0057,大東市新田西町1番10号,072-806-7800,072-806-7801
721175,信越ﾎﾟﾘﾏｰ名古屋□,,信越ﾎﾟﾘﾏｰ名古屋□,,,,,
721181,信栄物産株式会社,,信栄物産,ｼﾝｴｲﾌﾞｯｻﾝ,537-0002,大阪市東成区深江南2-12-23,06-6720-8731,06-6720-8717
721185,ｼﾝｸﾍﾞｽﾄ□,,ｼﾝｸﾍﾞｽﾄ□,,,,,
721196,新ｹﾐｶﾙ商事株式会社,,新ｹﾐｶﾙ商事,ｼﾝｹﾐｶﾙｼｮｳｼ,060-0005,北海道札幌市中央区北5条西5丁目2-5,011-222-7708,011-222-7675
721211,ｼﾝﾃﾞﾝ商事株式会社,,ｼﾝﾃﾞﾝ商事,ｼﾝﾃﾞﾝ,160-0008,東京都新宿区四谷三栄町6番5号 木原ビル3階,03-3358-8601,03-3358-8086
721221,新明和工業株式会社産機ｼｽﾃﾑ事業部,製造本部 業務部 調達課 川東,新明和工業,ｼﾝﾒｲﾜｺｳｷﾞｮ,665-0052,兵庫県宝塚市新明和町1-1,0798-54-1885,0798-54-1882
721265,信光電気計装□,,信光電気計装□,,,,,
721275,有限会社芝西特殊技研□,,有限会社芝西特殊技研□,,,,,
722011,鈴木油脂工業株式会社,研究開発･ﾏｲｸﾛｶﾌﾟｾﾙ部 林,鈴木油脂工業,ｽｽﾞｷﾕｼ,533-0021,大阪府大阪市東淀川区下新庄1-8-23,06-6326-2361,06-6326-2371
722016,ｽﾞｲﾎｰ産業□,,ｽﾞｲﾎｰ産業□,,,,,
722021,株式会社須藤研究所　　　722021,,須藤研究所,ｽﾄﾞｳｹﾝｷｭｳｼ,150-0011,東京都渋谷区東2-1-4,03-3407-0861,03-3407-0841
722031,株式会社ｽﾌﾟｰﾝ,,ｽﾌﾟｰﾝ,ｽﾌﾟｰﾝ,363-0001,埼玉県桶川市加納208-36,,
722035,鈴五商事□,,鈴五商事□,,,,,
722051,住化農業資材株式会社,,住化農業資材,ｽﾐｶﾉｳｷﾞｮｳ,541-0043,大阪市中央区高麗橋4-6-17 住化不動産横堀ﾋﾞﾙ,06-6204-1241,06-6204-1247
722062,日軽ｴﾝｼﾞﾆｱﾘﾝｸﾞ株式会社,東京購買･工事ﾁｰﾑ 石崎,日軽ｴﾝｼﾞﾆｱﾘﾝｸﾞ 東京,ｽﾐｹｲﾆｯｹｲｴﾝ,136-0071,東京都江東区亀戸2-35-13 新永ﾋﾞﾙ4F,03-5628-8512,03-5628-8502
722072,日軽ｴﾝｼﾞﾆｱﾘﾝｸﾞ株式会社 大阪,営業第二ﾁｰﾑ 日根野,日軽ｴﾝｼﾞﾆｱﾘﾝｸﾞ 大阪,ｽﾐｹｲﾆｯｹｲｴﾝ,541-0045,大阪府大阪市中央区道修町1-5-18朝日生命道修町ﾋﾞﾙ9F,06-6223-3564,06-6223-3565
722076,住友商事□,,住友商事□,,,,,
722081,有限会社ｽﾘｰｱﾛｰ,,ｽﾘｰｱﾛｰ,ｽﾘｰｱﾛｰ,739-1733,広島県広島市安佐北区口田南3-21-40-1,082-840-0202,082-840-0208
722091,ｽﾘｰﾅｲﾝ島野株式会社,,ｽﾘｰﾅｲﾝ島野,ｽﾘｰﾅｲﾝｼﾏﾉｶ,550-0015,大阪市西区南堀江3-2-17,06-6531-9423,06-6724-3169
723011,西部株式会社,,西部,ｾｲﾌﾞ,578-0975,東大阪市中鴻池町2-7-33,06-6744-3102,06-6744-3112
723022,積水化学北海道株式会社,建築・ストック営業部,積水化学北海道,ｾｷｽｲｶｶﾞｸ,001-0014,札幌市北区北14条西4丁目2-1ﾊｰﾓﾈｰﾄﾋﾞﾙ2F,011-737-6330,011-736-5987
723035,西濃運輸□,,西濃運輸□,,,,,
723046,西武運輸北海道□,,西武運輸北海道□,,,,,
723055,西武運輸□,,西武運輸□,,,,,
723061,積水樹脂株式会社 土浦製造所　#,,積水樹脂 土浦,ｾｷｽｲｼﾞｭｼﾂｸ,300-0006,茨城県土浦市東中貫町2-2,029-895-0651,029-895-0652
723065,西武運輸航空□,,西武運輸航空□,,,,,
723086,積水化学北海道□,,積水化学北海道□,,,,,
723091,積水ﾊｳｽ株式会社,,積水ﾊｳｽ,ｾｷｽｲﾊｳｽ,531-0076,大阪市北区大淀中1丁目1-88 梅田ｽｶｲﾋﾞﾙ ﾀﾜ-ｲ-ｽﾄ18F,06-6440-3134,
723101,積水ﾊｳｽ株式会社 関東工場　　#,,積水ﾊｳｽ 関東工場,ｾｷｽｲﾊｳｽｶ,306-0213,茨城県古河市北利根2番地,,
723106,ｾｺﾑ□,,ｾｺﾑ□,,,,,
723111,積水ﾊｳｽ株式会社 静岡工場　　#,,積水ﾊｳｽ 静岡工場,ｾｷｽｲﾊｳｽｶﾌ,437-1405,静岡県掛川市中1100,0537-74-2881,
723116,ｾﾞﾆｱﾃｯｸｽ□,,ｾﾞﾆｱﾃｯｸｽ□,,,,,
723121,積水ﾊｳｽ株式会社 山口工場　　#,,積水ﾊｳｽ 山口工場,ｾｷｽｲﾊｳｽｶﾌﾞ,747-1221,山口県山口市鋳銭司5000,083-986-2595,083-986-2793
723131,積水ﾊｳｽ株式会社 東北工場　　#,,積水ﾊｳｽ 東北工場,ｾｷｽｲﾊｳｽｶﾌﾞ,981-4122,宮城県加美郡色麻町四竃大原8,0229-66-1000,
723135,ｾﾝﾀﾞｲ工業□,,ｾﾝﾀﾞｲ工業□,,,,,
723141,積水ﾊｳｽ株式会社 兵庫,,積水ﾊｳｽ 兵庫,ｾｷｽｲﾊｳｽｶﾌﾞ,673-1314,兵庫県加東市横谷石谷798-36,0795-47-1771,
723145,ｾﾞﾝﾉ□,,ｾﾞﾝﾉ□,,,,,
723155,千里工業□,,千里工業□,,,,,
724011,有限会社綜合ｻﾝﾌﾟﾙ,,綜合ｻﾝﾌﾟﾙ,ｿｳｺﾞｳｻﾝﾌﾟﾙ,670-0058,兵庫県姫路市車崎2-6-16,079-296-4554,079-297-3335
724015,SOFT＆HARDﾖﾘﾓﾄ,,SOFT＆HARDﾖﾘﾓﾄ,ｿﾌﾄｱﾝﾄﾞﾊｰﾄ,,,,
724032,空知単板工業株式会社,,空知単板工業,ｿﾗﾁﾀﾝﾊﾟﾝ,079-1286,赤平市平岸西町3丁目12番地,0125-38-8001,0125-38-8500
730012,第一ｺﾞﾑ株式会社,化成品事業本部 開発部 石倉,第一ｺﾞﾑ,ﾀﾞｲｲﾁｺﾞﾑ,047-0013,小樽市奥沢3丁目28番12号,0134-33-7700,0134-25-4588
730015,第一貨物□,,第一貨物□,,,,,
730031,ﾀｲｶﾞｰｽ工販株式会社,,ﾀｲｶﾞｰｽ工販,ﾀｲｶﾞｰｽ,660-0085,尼崎市元浜町1丁目45番地,06-6411-1690,06-6411-1692
730036,大真機工□,,大真機工□,,,,,
730041,大昭模型製作所,,大昭模型製作所,ﾀﾞｲｼｮｳﾓｹｲｾ,890-0055,鹿児島県鹿児島市上荒田町50-2,099-254-6255,099-255-3350
730061,ﾀﾞｲﾔ工業株式会社,,ﾀﾞｲﾔ工業,ﾀﾞｲﾔｺｳｷﾞｮｳ,701-0203,岡山県岡山市南区古新田1125番地,086-282-0377,086-282-0103
730072,株式会社ﾀｲﾚｯｸｽ,,ﾀｲﾚｯｸｽ,ﾀｲﾚｯｸｽ,007-0880,札幌市東区丘珠町494番地8,011-802-6784,011-802-6785
730076,高井田工具□,,高井田工具□,,,,,
730082,株式会社大和ﾊﾟｯｹｰｼﾞ,,大和ﾊﾟｯｹｰｼﾞ,ﾀﾞｲﾜ,071-1511,上川郡東神楽町北1条西4-2-14,0166-83-2311,0166-83-3896
730092,高木金型□,,高木金型□,,,,,
730122,株式会社ﾀﾞﾝｸ,,ﾀﾞﾝｸ,ﾀﾞﾝｸ,061-1274,北広島市大曲工業団地4丁目6-6,011-370-5301,011-370-5877
730131,株式会社淡野製作所,,淡野製作所,ﾀﾞﾝﾉｾｲｻｸｯｼ,577-0805,大阪府東大阪市宝持1-4-21,06-6721-1379,06-6724-4409
730145,ﾀﾏｷｵｰﾄ□,,ﾀﾏｷｵｰﾄ□,,,,,
730155,たまゆら□,,たまゆら□,,,,,
731011,ﾁｬﾚﾝｼﾞ･ﾂｰﾜﾝ,ｴﾗｽﾄﾏｰ技研,ﾁｬﾚﾝｼﾞ･ﾂｰﾜﾝ,ﾁｬﾚﾝｼﾞﾂｰ,540-0037,大阪府大阪市中央区内平野町2-2-9ﾗｲｵﾝｽﾞM大手前第2-504号,06-6947-0035,06-6947-0035
731015,中越黒煙□,,中越黒煙□,,,,,
731031,中京食品ｻﾝﾌﾟﾙ(ﾄｼﾄｳﾋｻﾖｼｻﾏ),,中京食品ｻﾝﾌﾟﾙ,ﾁｭｳｷｮｳｼｮｸﾋ,453-0021,愛知県名古屋市中村区松原町2の10,052-471-2561,052-471-2549
732011,有限会社つかさｻﾝﾌﾟﾙ,,つかさｻﾝﾌﾟﾙ,ﾂｶｻｻﾝﾌﾟﾙ,216-0012,神奈川県川崎市宮前区水沢3-3-15,044-976-0828,044-976-7851
732026,対馬□,,対馬□,,,,,
732032,株式会社月寒製作所,,月寒製作所,ﾂｷｻﾑｾｲｻｸｼｮ,004-0871,札幌市清田区平岡1条5丁目2番1号,011-881-1107,01-882-1361
732041,株式会社鎚絵,,鎚絵,ﾂﾁｴ,803-0802,北九州市小倉北区東港1-1-21,093-561-2511,093-561-5099
732051,株式会社槌屋　大阪営業所,,槌屋,ﾂﾁﾔ,532-0002,大阪市淀川区東三国2-38-17,06-6394-5455,06-6393-5457
732062,株式会社槌屋 宇都宮営業所,,槌屋 宇都宮,ﾂﾁﾔ,321-0964,栃木県宇都宮市駅前通り1-3-1KDX宇都宮ﾋﾞﾙ3階,028-600-0611,028-600-0616
732064,株式会社槌屋 東京営業所,,槌屋 東京,ﾂﾁﾔ,105-0012,東京都港区芝大門2-5-3,,03-5402-5470
732065,つつみ屋□,,つつみ屋□,,,,,
732071,株式会社槌屋  経理課,,槌屋 東京経理,ﾂﾁﾔ,105-0012,東京都港区芝大門2-5-3,03-5402-5451,03-5402-5454
732075,ﾂﾔﾏ産業□,,ﾂﾔﾏ産業□,,,,,
732081,槌屋ﾔｯｸ株式会社,,槌屋ﾔｯｸ,ﾂﾁﾔﾔｯｸｶ,444-8516,愛知県岡崎市日名西町3番地,0564-26-1484,0564-26-1561
733011,株式会社ﾃﾞｻﾞｲﾝﾎﾟｹｯﾄ,,㈱ﾃﾞｻﾞｲﾝﾎﾟｹｯﾄ,ﾃﾞｻﾞｲﾝﾎﾟｹｯ,542-0075,大阪府大阪市中央区難波千日前8-22-4F,06-6630-1123,06-6630-1124
733021,ﾃｨｰｴｰｹﾐｶﾙ株式会社,,ﾃｨｰｴｰｹﾐｶﾙ株式会社,ﾃｨｰｴｰｹﾐｶﾙｶ,541-0043,大阪府大阪市中央区高麗橋2-3-15上喜ﾋﾞﾙ4階,06-4707-2575,06-4707-2585
733022,株式会社TWFｲﾝﾀﾞｽﾄﾘｲ 野沢,,TWFｲﾝﾀﾞｽﾄﾘｲ 野沢,ﾃｨｰﾀﾞﾌﾞﾘｭ,204-0002,東京都清瀬市旭が丘3-374-4,090-2404-4130,
733025,TKC□,,TKC□,,,,,
733042,DNﾗｲﾃｨﾝｸﾞ株式会社 劉,,DNﾗｲﾃｨﾝｸﾞ 劉,ﾃﾞｨｰｴﾇﾗｲﾃｨ,254-0036,神奈川県平塚市宮松町15-23,0463-22-1040,0463-21-0750
733046,DNﾗｲﾃｨﾝｸﾞ株式会社 需給G 梅内,,DNﾗｲﾃｨﾝｸﾞ 需給G 梅内,ﾃﾞｨｰｴﾇﾗｲﾃｨ,141-0031,東京都品川区西五反田1-13-65,03-5436-6050,03-5436-7124
733056,ﾃｻﾞｯｸ□,,ﾃｻﾞｯｸ□,,,,,
734016,当栄商事□,,当栄商事□,,,,,
734022,東京R&Dｺﾝﾎﾟｼﾞｯﾄ工業株式会社,船子事業所,東京ｱｰﾙｱﾝﾄﾞﾃﾞｰ 船子,ﾄｳｷｮｳ,243-0034,神奈川県厚木市船子151,046-226-8101,046-226-8151
734031,東京ｴｰ･ｱｲ･ｼｰ株式会社,,東京ｴｰｱｲｼｰ,ﾄｳｷｮｳｴｰｱｲｼ,101-0065,東京都千代田区西神田2-3-2 ﾊﾀﾉﾋﾞﾙ,03-3261-6925,03-3261-1593
734042,三菱ｶﾞｽ化学ﾄﾚｰﾃﾞｨﾝｸﾞ株式会社,大阪支店,三菱ｶﾞｽ化学ﾄﾚｰﾃﾞｨﾝｸﾞ,ﾐﾂﾋﾞｼｶﾞｽﾄﾚ,530-0013,大阪府大阪市北区茶屋町19-19ｱﾌﾟﾛｰｽﾞﾀﾜｰ 23階,06-7739-4577,06-6485-0593
734046,道央ﾒﾀﾙ□,,道央ﾒﾀﾙ□,,,,,
734055,東京ｱｲﾃﾞｱﾙ□,,東京ｱｲﾃﾞｱﾙ□,,,,,
734072,株式会社東商ｾﾝﾄﾗﾙ,,東商ｾﾝﾄﾗﾙ,ﾄｳｼｮｳｾﾝﾄﾗﾙ,101-0054,東京都千代田区神田錦町3-5-1興和一橋ﾋﾞﾙ別館2F,03-3259-7453,03-3259-7854
734081,東都積水株式会社 内装建材営業部,商品開発担当課長 遠藤 誠,東都積水,ﾄｳﾄｾｷｽｲ,105-0012,東京都港区芝大門２丁目８番１３号,03-3438-2270,03-3438-2271
734092,東邦ｼｰﾄﾌﾚｰﾑ株式会社,札幌営業所,東邦ｼﾄﾌﾚｰﾑ,ﾄｳﾎｳｼｰﾄ,003-0004,札幌市白石区東札幌4条1丁目2-20,011-811-5161,011-811-5163
734102,東北江南株式会社,,東北江南,ﾄｳﾎｸｺｳﾅﾝ,969-1513,福島県二本松市小沢字柳原72-4 小沢工業団地,0243-61-3491,0243-53-2770
734106,道都化学産業□,,道都化学産業□,,,,,
734111,東洋ｱﾙﾐｴｺｰﾌﾟﾛﾀﾞｸﾂ株式会社　　#,,東洋ｱﾙﾐｴｺｰﾌﾟﾛﾀﾞｸﾂ,ﾄｳﾖｳｱﾙﾐ,550-0005,大阪市西区西本町1-4-1 ｵﾘｯｸｽ本町ﾋﾞﾙ 13F,06-6110-1308,06-6110-2282
734115,東邦ｺﾞﾑ□,,東邦ｺﾞﾑ□,,,,,
734121,東洋ｱﾙﾐｴｺｰﾌﾟﾛﾀﾞｸﾂ株式会社,営業,東洋ｱﾙﾐｴｺｰﾌﾟﾛﾀﾞｸﾂ営,ﾄｳﾖｳｱﾙﾐ,550-0005,大阪市西区西本町1-4-1 ｵﾘｯｸｽ本町ﾋﾞﾙ 13F,06-6110-1311,06-6110-2282
734131,ﾄﾗｽｺ中山株式会社 大阪本社 　　　　　　#,大阪商品部 大阪PB商品課 松村様,ﾄﾗｽｺ中山 大阪本社,ﾄﾗｽｺﾅｶﾔﾏｶ,550-0013,大阪府大阪市西区新町1丁目34番15号ﾄﾗｽｺｸﾞﾚﾝﾁｪｯｸﾋﾞﾙ12階,06-6543-0940,06-6543-0941
734132,東洋化工株式会社,,東洋化工,ﾄｳﾖｳｶｺｳ,047-0261,小樽市銭函3丁目285番地,0134-62-3636,0134-62-6610
734141,東洋ｼｬｯﾀｰ株式会社奈良工場 製作2課･製作4ﾁｰﾑ 川口,,東洋ｼｬｯﾀｰ,ﾄｳﾖｳｼｬｯﾀｰ,636-0202,奈良県磯城郡川西町結崎1596-6,0745-43-0820,0745-42-2024
734151,X東京計器株式会社X,資材管理室 三谷,東京計器,ﾄｳｷｮｳｹｲｷ,144-8551,東京都大田区南蒲田2-16-46,03-3732-2111,03-3736-0261
734152,東京計器株式会社,資材管理室 三谷,東京計器 東京 三谷,ﾄｳｷｮｳｹｲｷ,144-8551,東京都大田区南蒲田2-16-46,03-3732-2111,03-3736-0261
734154,東京計器㈱ 検査機器ｼｽﾃﾑｶﾝﾊﾟﾆｰ,矢板工場 生産課 原,東京計器 矢板工場 原,ﾄｳｷｮｳｹｲｷ,329-2136,栃木県矢板市東町333-4,0287-47-4356,0287-43-2608
734162,東洋農機株式会社,,東洋農機,ﾄｳﾖｳﾉｳｷ,080-2462,帯広市西22条北1丁目2番5号,0155-37-3191,0155-37-5399
734166,東洋商事□,,東洋商事□,,,,,
734181,東ﾘ株式会社,,東ﾘ,ﾄｳﾘｶﾌﾞｼｷｶﾞ,664-8610,兵庫県伊丹市東有岡5丁目125番地,06-6494-6609,06-6494-1525
734192,東ﾚ株式会社,,東ﾚ 千葉,ﾄｳﾚ,299-0108,千葉県市原市千種海岸2番1,0436-23-0657,0436-23-0658
734202,東ﾚ株式会社 大阪本社 ﾄﾖﾗｯｸ事業部,大阪ﾄﾖﾗｯｸ販売課 前嶋,東ﾚ 大阪,ﾄｳﾚ,530-8222,大阪府大阪市北区中之島3-3-3中之島三井ﾋﾞﾙﾃﾞｨﾝｸﾞ28F,06-7688-3712,06-7688-3744
734206,ﾄｰﾓｸ□,,ﾄｰﾓｸ□,,,,,
734215,十川産業大阪□,,十川産業□,,,,,
734225,ﾄｯﾌﾟﾏﾝ工業□,,ﾄｯﾌﾟﾏﾝ工業□,,,,,
734235,ﾄﾖﾀL&F大阪□,,ﾄﾖﾀL&F大阪□,,,,,
734242,株式会社ﾄｰｺｰ,,ﾄｰｺｰ,ﾄｰｺｰ,630-0142,奈良県生駒市北田原町1208-6,0743-71-0151,0743-71-0551
734245,豊田商会□,,豊田商会□,,,,,
734252,ﾄﾞｰﾋﾟｰ建設工業株式会社,工務部,ﾄﾞｰﾋﾟｰ建設工業,ﾄﾞｰﾋﾟｰ,110-0015,東京都台東区東上野2丁目1-11ｻﾝﾌｨｰﾙﾄﾞﾋﾞﾙ 5階,03-5806-5416,03-5806-5419
734261,十川産業株式会社 名古屋営業所,,十川産業 名古屋,ﾄｶﾞﾜｻﾝｷﾞｮｳ,454-0871,愛知県名古屋市中川区柳森町2117,052-353-5600,052-353-8602
734262,ﾄﾞｰﾋﾟｰ建設工業株式会社,幌別工場,ﾄﾞｰﾋﾟｰ建設工業 幌別,ﾄﾞｰﾋﾟｰ,059-0003,北海道登別市千歳町1-21-1,0143-85-2221,0143-85-5171
734271,株式会社ﾄｸﾔﾏ,,ﾄｸﾔﾏ,ﾄｸﾔﾏ,529-1835,滋賀県甲賀市信楽町中野556,0748-69-5542,
734272,株式会社ﾄｰｺｰ　商品開発部　商品開発課　飯田様,,ﾄｰｺｰ　商品開発部　商品開発課,ﾄｰｺｰ,630-0142,奈良県生駒市北田原町1208-6,0743-71-0151,0743-71-0551
734281,特許機器株式会社 生産企画部 購買2課 有水様,,特許機器株式会社 生産企画部購買2,ﾄｯｷｮｷｷｶﾌﾞｼ,660-0833,兵庫県尼崎市南初島町10番地133尼崎ｺｽﾓｽ工業団地内,06-6487-3936,06-6487-3950
734291,ｺﾆｶﾐﾉﾙﾀﾒｶﾄﾛﾆｸｽ株式会社,,ｺﾆｶﾐﾉﾙﾀﾒｶﾄﾛﾆｸｽ株式会社,ｺﾆｶﾐﾉﾙﾀ,441-8134,豊橋市植田町字北柄沢1,0532-25-9526,0532-25-1330
734311,有限会社ﾄﾗｯﾄﾞ,,ﾄﾗｯﾄﾞ,ﾄﾗｯﾄﾞ,577-0028,大阪府東大阪市新家西町3-10,06-6787-0027,06-6787-0047
734321,鳥居金属興業株式会社,,鳥居金属興業,ﾄﾘｲｷﾝｿﾞｸ,577-0815,東大阪市金物町3-7,06-6723-2433,06-6725-7712
740016,ﾅｲｶﾞｲ□,,ﾅｲｶﾞｲ□,,,,,
740021,有限会社ﾅｶｲｻﾝﾌﾟﾙ　　　　　740021,,ﾅｶｲｻﾝﾌﾟﾙ,ﾅｶｲｻﾝﾌﾟﾙ,802-0832,福岡県北九州市小倉南区下石田2丁目11-5,093-963-0180,
740025,長井商会□,,長井商会□,,,,,
740031,有限会社ながお食研　　　　740031,,ながお食研,ﾅｶﾞｵｼｮｸｹﾝ,170-0001,東京都豊島区西巣鴨1-9-2,03-3949-0185,03-3940-3391
740042,ﾅｶ工業株式会社 東京工場,製造3課 秀,ﾅｶ工業 東京工場 秀,ﾅｶｺｳｷﾞｮｳ,340-0807,埼玉県八潮市新町39,048-936-0330,048-936-7450
740045,ﾅｶﾞﾄ□,,ﾅｶﾞﾄ□,,,,,
740052,ﾅｶ工業株式会社 東京工場,製造一課 石井,ﾅｶ工業 東京工場 宮川,ﾅｶｺｳｷﾞｮｳ,340-0807,埼玉県八潮市新町39,048-936-1115,048-936-7450
740062,ﾅｶ工業株式会社 滋賀工場,製造三課一係 高畑,ﾅｶ工業 滋賀工場 高畑,ﾅｶｺｳｷﾞｮｳ,528-0062,滋賀県甲賀市水口町さつきが丘24,0748-63-2620,0748-63-1155
740065,中本ﾊﾟｯｸｽ□,,中本ﾊﾟｯｸｽ□,,,,,
740072,ﾅｶ工業株式会 札幌工場,,ﾅｶ工業 札幌工場,ﾅｶｺｳｷﾞｮｳ,063-0836,北海道札幌市西区発寒十六条13丁目2-50,011-662-7611,011-6661350
740075,中山運送□,,中山運送□,,,,,
740081,中西ﾌﾟﾗｽﾁｯｸ株式会社,,中西ﾌﾟﾗｽﾁｯｸ㈱,ﾅｶﾆｼﾌﾟﾗｽﾁｯ,550-0004,大阪府大阪市西区靱本町1丁目16番14号,06-6443-4081,06-6445-0865
740092,株式会社ﾅﾆﾜ 本社営業部,,ﾅﾆﾜ,ﾅﾆﾜ,581-0027,大阪府八尾市八尾1丁目233,072-922-0245,002-991-3779
740095,南海樹脂工業所□,,南海樹脂工業所□,,,,,
740101,株式会社ﾅﾉﾏﾃｯｸｽ,,ﾅﾉﾏﾃｯｸｽ,ﾅﾉﾏﾃｯｸｽ,562-0034,大阪府箕面市船場東3丁目11-10コモンズビル　5Ｆ,072-736-9527,072-736-9527
741015,西村司法書士事務所□,,西村司法書士事務所□,,,,,
741026,日輝通商□,,日輝通商□,,,,,
741031,ﾆｯｸｽ株式会社 C,,ﾆｯｸｽ㈱,ﾆｯｸｽ,542-0081,大阪市中央区南船場4丁目12-12ﾆｯｾｲ心斎橋ｳｪｽﾄﾋﾞﾙ9階,06-7166-0065,06-6241-1871
741035,ﾆｯｸｽ容器包材□,,ﾆｯｸｽ容器包材□,,,,,
741056,日軽物流札幌営業所□,,日軽物流札幌営業所□,,,,,
741062,株式会社ﾆｯｸｽ ｸﾞﾛｰﾊﾞﾙ事業本部,資材統括ｾﾝﾀ- 田中,㈱ﾆｯｸｽ ｸﾞﾛｰﾊﾞﾙ事業 石,ﾆｯｸｽ,252-1461,神奈川県相模原市緑区青野原2111,042-787-1131,042-787-0523
741066,北海道日産自動車ﾌｫｰｸ□,,北海道日産自動車ﾌｫｰｸ□,,,,,
741071,株式会社ﾆｯｸｽ ｸﾞﾛｰﾊﾞﾙ事業部,CSｾﾝﾀｰ,㈱ﾆｯｸｽ ｸﾞﾛｰﾊﾞﾙ事業,ﾆｯｸｽｸﾞﾛ,220-6108,神奈川県横浜市西区みなとみらいｸｲｰﾝｽﾞﾀﾜｰB(8階),045-221-1350,042-221-1355
741076,北海道日産自動車□,,北海道日産自動車□,,,,,
741081,日軽ﾊﾟﾈﾙｼｽﾃﾑ株式会社,商品開発部 井上,日軽ﾊﾟﾈﾙｼｽﾃﾑ,ﾆｯｹｲﾊﾟﾈﾙｼｽ,529-0122,滋賀県長浜市酢500,0749-73-3081,0749-73-4417
741086,日本通運ｺﾝﾃﾅ□,,日本通運ｺﾝﾃﾅ□,,,,,
741092,株式会社日新複層硝子,,日新複層硝子,ﾆｯｼﾝﾌｸｿｳ,816-0092,福岡県福岡市博多区東那珂2丁目41608,092-472-6641,092-474-9944
741101,日邦産業株式会社,ｴﾚｸﾄﾛﾆｸｽ事業本部,日邦産業,ﾆｯﾎﾟｳｻﾝｷﾞｮ,564-0063,大阪府吹田市江坂町1-23-28 江坂南口ﾋﾞﾙ,06-6386-1211,06-6380-2559
741106,日東電材□,,日東電材□,,,,,
741112,ﾆｯﾎﾟ電工株式会社 電工購買G,,ﾆｯﾎﾟ電工,ﾆｯﾎﾟﾃﾞﾝｺｳ,010-0201,秋田県潟上市天王字塩口北野81-1,018-878-5151,018-878-5154
741121,ﾆﾌﾟﾛ株式会社 購買課　　　　　*,,ﾆﾌﾟﾛ　　　*,ﾆﾌﾟﾛｶ,525-0055,滋賀県草津市野路町3023番地,077-564-0506,077-564-2279
741126,日本通運(日通航空)□,,日本通運(日通航空)□,,,,,
741132,日本ｱｲ･ｴｽ･ｹｲ株式会社,,日本ｱｲ･ｴｽ･ｹｲ,ﾆﾎﾝｱｲｴｽｹｲ,004-0873,札幌市清田区平岡3条2丁目13-1,011-888-1111,011-881-2514
741136,日本ｻｯｼｭ□,,日本ｻｯｼｭ□,,,,,
741145,日本品質保証機構□,,日本品質保証機構□,,,,,
741156,日本ﾌｨﾗｲﾄ□,,日本ﾌｨﾗｲﾄ□,,,,,
741162,日本軽金属株式会社 船橋工場,景観業務課 長谷川,日本軽金属,ﾆﾎﾝｹｲｷﾝｿﾞｸ,275-0001,千葉県習志野市東習志野6-18-3,047-477-3897,047-477-6294
741166,日本ﾒｯｼｭ□,,日本ﾒｯｼｭ□,,,,,
741171,日本ｼﾞｯﾊﾟｰﾁｭｰﾋﾞﾝｸﾞ株式会社,第一工場,日本ｼﾞｯﾊﾟｰﾁｭｰﾋﾞﾝｸﾞ,ﾆﾎﾝｼﾞｯﾊﾟｰﾁ,,神戸市西区高塚台3丁目2番56,078-991-4172,078-991-8115
741181,日本食品ｻﾝﾌﾟﾙｱｰﾄ協会　　　741181,,日本食品ｻﾝﾌﾟﾙｱｰﾄ協会,ﾆﾎﾝｼｮｸﾋﾝｻﾝ,188-0011,東京都西東京市田無町4-16-3,042-463-5752,042-463-5752
741186,ﾆｭｰﾛﾝｸﾞ小樽□,,ﾆｭｰﾛﾝｸﾞ小樽□,,,,,
741191,日本ｾｷｿｰ株式会社,,日本ｾｷｿｰ,ﾆﾎﾝｾｷｿｰｶﾌﾞ,509-8301,岐阜県中津川市蛭川5328-1,0573-46-0211,0573-45-3855
741201,有限会社日本美術 熊本,,日本美術 熊本,ﾆﾎﾝﾋﾞｼﾞｭﾂｸ,860-0862,熊本県熊本市中央区黒髪3-10-30,096-344-2411,096-344-2413
741211,有限会社日本美術 久留米店,,日本美術 久留米,ﾆﾎﾝﾋﾞｼﾞｭﾂｸ,830-0042,福岡県久留米市荘島町430-3,0942-33-5418,0942-33-5418
741221,有限会社日本美術 佐世保,,日本美術 佐世保,ﾆﾎﾝﾋﾞｼﾞｭﾂｻ,859-3215,佐世保市早岐2-40-14,0956-38-1962,1956-38-1344
741231,株式会社日本触媒,,株式会社日本触媒,ﾆﾎﾝｼｮｸﾊﾞｲ,564-0034,大阪府吹田市西御旅町5-8,06-6317-2307,06-6317-4293
741241,ﾆｯﾄｰ　　　　　　741241,,ﾆｯﾄｰ,ﾆｯﾄｰ,230-0073,神奈川県横浜市鶴見区獅子ｹ谷2-39-39,045-573-4575,045-573-4575
742011,沼津ｻﾝﾌﾟﾙ製作所,,沼津ｻﾝﾌﾟﾙ製作所,ﾇﾏﾂﾞｻﾝﾌﾟﾙ,410-0057,静岡県沼津市高沢町15-8,055-921-3931,055-921-3936
743012,ﾈﾎﾟﾝ株式会社,,ﾈﾎﾟﾝ,ﾈﾎﾟﾝ,243-0215,神奈川県厚木市上古沢４１１,046-247-3180,046-248-6317
744011,有限会社野口商事,,野口商事,ﾉｸﾞﾁｼｮｳｼﾞ,170-0013,東京都豊島区東池袋2-53-5,03-3971-6880,03-3971-0986
744015,ﾉｰﾄﾞｿﾝ□,,ﾉｰﾄﾞｿﾝ□,,,,,
744021,ﾉﾓﾄ通商株式会社,,ﾉﾓﾄ通商,ﾉﾓﾄﾂｳｼｮｳ,614-8366,京都府八幡市男山泉14-8 林第二ﾋﾞﾙ301号,075-925-8130,075-925-8165
744025,ﾉﾀﾞ□,,ﾉﾀﾞ□,,,,,
750011,株式会社ﾊｷﾞﾃｯｸ,,ﾊｷﾞﾃｯｸ,ﾊｷﾞﾃｯｸ,284-0001,千葉県四街道市大日246-7,043-423-8741,043-423-8684
750016,ﾊｰﾍﾞｽ□,,ﾊｰﾍﾞｽ□,,,,,
750021,株式会社畑中         750021,,株式会社畑中,ﾊﾀﾅｶ,359-1145,埼玉県所沢市山口748-4,04-2923-8131,04-2928-5326
750025,ﾊｷﾞﾉ機工□,,ﾊｷﾞﾉ機工□,,,,,
750031,ﾊﾟﾅｿﾆｯｸ ｽｲｯﾁｷﾞｱｼｽﾃﾑｽﾞ株式会社#,,ﾊﾟﾅｿﾆｯｸ ｽｲｯﾁｷﾞｱｼｽﾃﾑｽ,ﾊﾟﾅｿﾆｯｸ ｽｲ,488-8520,愛知県尾張旭市三郷町角田1123,0561-54-4159,0561-54-1216
750041,ﾊﾟﾅｿﾆｯｸ株式会社ﾗｲﾌｿﾘｭｰｼｮﾝｽﾞ社 ｿﾘｭｰｼｮﾝ開発本部,ﾗｲﾃｨﾝｸﾞ開発ｾﾝﾀｰ 秋山様,ﾊﾟﾅｿﾆｯｸ(株) ﾗｲﾌｿﾘｭｰｼｮﾝｽﾞ社,ﾊﾟﾅｿﾆｯｸﾗｲﾌ,571-8686,大阪府門真市門真１０４８番地,06-6908-7362,
750055,ﾊﾏｸﾞﾁﾕｷﾊﾙ□,,ﾊﾏｸﾞﾁﾕｷﾊﾙ□,,,,,
750061,ﾊﾟﾅｿﾆｯｸｴｺｼｽﾃﾑｽﾞ㈱IAQBU日本市場,技術部 換気開発部 清水達貴,ﾊﾟﾅｿﾆｯｸ ｴｺｼｽﾃﾑｽﾞ,ﾊﾟﾅｿﾆｯｸｴｺ,486-0000,愛知県春日井市鷹来町4017,050-3787-1946,0568-83-8198
750065,林金属工業□,,林金属工業□,,,,,
750081,ﾊﾟﾅｯｸ株式会社 財務経理部,,ﾊﾟﾅｯｸ(請求),ﾊﾟﾅｯｸ,108-0014,東京都港区芝5丁目31-19ｵｰｴｯｸｽ田町ﾋﾞﾙ,03-5442-8692,03-5442-2064
750091,ﾊﾟﾅｯｸ株式会社 資材部,,ﾊﾟﾅｯｸ,ﾊﾟﾅｯｸ,108-0014,東京都港区芝5丁目31-19ｵｰｴｯｸｽ田町ﾋﾞﾙ,03-5442-8740,03-5442-8177
750101,ﾊﾟﾅﾚｰｻｰ株式会社,,ﾊﾟﾅﾚｰｻｰ,ﾊﾟﾅﾚｰｻｰ,669-3464,兵庫県氷上郡氷上町石生250松尾様,0795-82-6563,0795-82-6201
750106,ﾊﾞﾝﾀﾞﾏﾁｯｸｻｰﾋﾞｽ□,,ﾊﾞﾝﾀﾞﾏﾁｯｸｻｰﾋﾞｽ□,,,,,
750112,ﾊﾋﾟｰｵｰﾙ株式会社,,ﾊﾋﾟｰｵｰﾙ,ﾊﾋﾟｰｵｰﾙ,072-0007,美唄市東6条北7丁目1-19,0126-63-3900,0126-63-3926
750115,ﾊﾞﾝﾄﾞｰ□,,ﾊﾞﾝﾄﾞｰ□,,,,,
750121,HUBSHIP株式会社,,HUBSHIP,ﾊﾌﾞｼｯﾌﾟ,110-0005,東京都台東区上野4-5-11安富ビル3階,08044673344,03-5826-4337
750132,株式会社浜国,,浜国,ﾊﾏｸﾆ,003-0835,札幌市白石区北郷5条6丁目3-5,011-872-2772,011-872-2749
750152,株式会社浜国 営業本部 岡田,,浜国 営業本部 ｵｶﾀﾞ,ﾊﾏｸﾆ ｵｶﾀﾞ,541-0043,大阪府大阪市中央区高麗橋4-2-16-902　大阪朝日生命館,06-6223-8092,06-6223-7575
750162,株式会社浜国 大阪営業所 谷口,,浜国 大阪営業所 谷口,ﾊﾏｸﾆ ﾀﾆｸﾞﾁ,541-0043,大阪府大阪市中央区高麗橋4-2-16-902　大阪朝日生命館,06-6223-8092,06-6223-7575
750172,株式会社浜田商会,,浜田商会,ﾊﾏﾀﾞｼｮｳｶｲ,537-0001,大阪府大阪市東成区深江北1丁目7-12,06-6974-9901,06-6974-9955
750181,繁和産業株式会社,,繁和産業,ﾊﾝﾜｻﾝｷﾞｮｳ,541-0046,大阪府大阪市中央区平野町2-5-8,06-6222-5521,06-6222-5580
750192,八丸加藤株式会社 札幌支店,,八丸加藤,ﾊﾁﾏﾙｶﾄｳ,063-0804,北海道札幌市西区二十四軒四条2丁目2-7,011-641-2244,011-644-6145
751001,株式会社ﾋﾟｱｰｻｰﾃｨｰ　ｻﾝﾌﾟﾙ事業部　　 751001,,㈱ﾋﾟｱｰｻｰﾃｨｰ,ﾋﾟｱｰｻｰﾃｨｰ,710-0065,岡山県倉敷市宮前418-3,086-426-1473,086-426-1488
751015,ﾋｰｽｴﾝｼﾞﾆｱﾘﾝｸﾞ□,,ﾋｰｽｴﾝｼﾞﾆｱﾘﾝｸﾞ□,,,,,
751045,ひらの□,,ひらの□,,,,,
751076,広瀬建設工業□,,広瀬建設工業□,,,,,
752015,富士黒鉛工業㈱　□,,富士黒鉛工業㈱　□,,,,,
752022,ﾌｸﾋﾞ化学工業株式会社 ﾒﾙﾂｴﾝ営業所,,ﾌｸﾋﾞ化学工業 札幌,ﾌｸﾋﾞｶｶﾞｸ,004-0041,札幌市厚別区大谷地東2-4-1札幌市交通局本局庁舎1F,011-896-7500,011-896-5530
752031,富士化学産業株式会社,,富士化学産業,ﾌｼﾞｶｶﾞｸｻﾝｷ,577-0012,大阪府東大阪市長田東3丁目1番7号,06-6744-8800,06-6744-8840
752035,福西産業□,,福西産業□,,,,,
752045,福山通運□,,福山通運□,,,,,
752051,双葉実業株式会社,,双葉実業,ﾌﾀﾊﾞｼﾞﾂｷﾞｮ,577-0013,東大阪市長田中4-4-7,06-6748-2835,06-6748-2834
752056,北海道福山通運□,,北海道福山通運□,,,,,
752061,双葉実業株式会社,,双葉実業(請求書),ﾌﾀﾊﾞｼﾞﾂｷﾞｮ,542-0082,大阪府大阪市中央区島之内1-12-23,06-6252-3680,06-6271-2000
752082,ﾌﾗｯﾄ合成株式会社 川原,,ﾌﾗｯﾄ合成,ﾌﾗｯﾄｺﾞｳｾｲ,007-0826,札幌市東区東雁来6条2丁目5-25,011-784-4020,011-784-3103
752095,富士商工ﾏｼﾅﾘｰ□,,富士商工ﾏｼﾅﾘｰ□,,,,,
752116,富士ｾﾞﾛｯｸｽ北海道□,,富士ｾﾞﾛｯｸｽ北海道□,,,,,
752125,ﾌﾀﾊﾞｺｰﾎﾟﾚｰｼｮﾝ□,,ﾌﾀﾊﾞｺｰﾎﾟﾚｰｼｮﾝ□,,,,,
752136,ﾌﾁｵｶ北海道□,,ﾌﾁｵｶ北海道□,,,,,
752142,株式会社FUJIｼﾞｬﾊﾟﾝ,,FUJIｼﾞｬﾊﾟﾝ,ﾌｼﾞｼﾞｬﾊﾟﾝ,060-0041,北海道札幌市中央区大通東4丁目4-18,011-209-2005,011-209-2008
752166,富士ｾﾞﾛｯｸｽ北海道□,,富士ｾﾞﾛｯｸｽ北海道□,,,,,
753001,平安伸銅工業株式会社　福田様,,平安伸銅工業株式会社,ﾍｲｱﾝｼﾝﾄﾞｳｺ,5500002,大阪府大阪市西区江戸堀1丁目22-17船場辰巳ビル4階,06-6228-8986,06-6147-7303
754022,有限会社ﾎﾞｰﾀﾞｯｸ HOBBYNET 太田,,ﾎﾞｰﾀﾞｯｸ HOBBYNET,ﾎﾞｰﾀﾞｰﾀﾞｯｸ,342-0034,埼玉県吉川市道庭1-11-3,048-984-4307,048-984-4308
754025,ﾎｰﾗｲ大阪□,,ﾎｰﾗｲ大阪□,,,,,
754032,北斗化成商事株式会社,,北斗化成商事,ﾎｸﾄｶｾｲ,004-0864,札幌市清田区北野4条3丁目11-17,011-881-7492,011-882-6309
754052,北部通信工業株式会社,,北部通信工業,ﾎｸﾌﾞﾂｳｼﾝｺｳ,960-8154,福島県福島市伏拝字沖27-1,024-545-2295,024-546-5551
754056,北斗ｺﾞﾑ□,,北斗ｺﾞﾑ□,,,,,
754062,株式会社北友,,北友,ﾎｸﾕｳ,007-0837,札幌市東区北37条東27丁目7-1,011-785-5633,011-785-3766
754072,株式会社北陽 北海道支社,,北陽 北海道支社,ﾎｸﾖｳ,007-0841,札幌市東区北41条東3丁目3-10陽和ﾋﾞﾙ,011-711-7105,011-711-2220
754082,株式会社北陽 三笠工場,,北陽 三笠工場,ﾎｸﾖｳ ﾐｶｻ,068-2165,三笠市岡山1113-5,01267-4-2118,
754086,北海樹脂興業□,,北海樹脂興業□,,,,,
754092,株式会社北冷製作所,,北冷製作所,ﾎｸﾚｲｾｲｻｸｼｮ,067-0051,江別市工栄町21-11,011-384-5111,011-385-0400
754096,北海道通商□,,北海道通商□,,,,,
754101,株式会社 ﾎｼﾓﾄ,商品管理課商品管理,ﾎｼﾓﾄ,ﾎｼﾓﾄ,544-0032,大阪府大阪市生野区中川西2丁目24-32,06-6741-4723,06-6715-8515
754106,北海道ｴﾈﾙｷﾞｰ□,,北海道ｴﾈﾙｷﾞｰ□,,,,,
754112,株式会社北海化成ｻｰﾋﾞｽ,,北海化成ｻｰﾋﾞｽ,ﾎｯｶｲｶｾｲｻｰﾋ,003-0024,札幌市白石区本郷通12丁目南3-15,011-865-3681,011-865-3688
754116,北海道急行運輸□,,北海道急行運輸□,,,,,
754122,北海道ｶﾞｿﾝ株式会社,鈴蘭ｶﾞﾚｰｼﾞ事業部,北海道ｶﾞｿﾝ鈴蘭ｶﾞﾚｰｼﾞ,ﾎｯｶｲﾄﾞｳｶﾞｿ,063-0029,札幌市西区平和335番地,011-661-3410,011-661-3482
754132,北海道不二ｻｯｼ株式会社 住宅建材部 菊地,,北海道不二ｻｯｼ住宅,ﾌｼﾞｻｯｼ,060-0061,札幌市中央区南1条西12丁目4-89,011-261-8551,011-281-1742
754135,本田機販□,,本田機販□,,,,,
754142,北海道ｽｲｺｰ株式会社,砂川工場･製造部,北海道ｽｲｺｰ,ﾎｯｶｲﾄﾞｳｽｲｺ,073-0167,北海道砂川市西七条北22丁目124-8,0125-53-1101,0125-53-1102
760016,正久□,,正久□,,,,,
760022,松浦ﾃｸﾞｽ株式会社,,松浦ﾃｸﾞｽ,ﾏﾂｳﾗﾃｸﾞｽ,550-0005,大阪府大阪市西区西本町1-14-6,06-6531-0686,06-6541-7563
760035,松井製作所□,,松井製作所□,,,,,
760041,丸信化工株式会社,,丸信化工,ﾏﾙｼﾝｶｺｳ,111-0053,東京都台東区浅草橋4-15-4,03-3866-2831,03-3866-3365
760051,丸全ｺﾞﾑ株式会社,,丸全ｺﾞﾑ,ﾏﾙｾﾞﾝｺﾞﾑ,547-0011,大阪市平野区長吉出戸7-2-57,06-6790-1641,06-6790-1649
760055,松岡ｶｯﾀｰ□,,松岡ｶｯﾀｰ□,,,,,
760076,松岡満□,,松岡満□,,,,,
760086,松岡満美唄□,,松岡満美唄□,,,,,
760095,松昇□,,松昇□,,,,,
760105,松田環境□,,松田環境□,,,,,
760111,株式会社ﾏｼﾞｯｸｽﾎﾞｯｸｽJP,,株式会社ﾏｼﾞｯｸｽﾎﾞｯｸｽJP,ﾏｼﾞｯｸｽﾎﾞｯｸ,661-0984,兵庫県尼崎市御園1丁目21-26,06-4950-0618,
760126,松村合金ﾀﾞｲｽ□,,松村合金ﾀﾞｲｽ□,,,,,
760186,ﾏﾙｷﾝ機鋼□,,ﾏﾙｷﾝ機鋼□,,,,,
760195,丸安産業□,,丸安産業□,,,,,
760201,株式会社松山,,株式会社松山,ﾏﾂﾔﾏ,577-0005,大阪府東大阪市七軒家18-36,06-6744-7555,06-6744-7311
761011,有限会社ﾐﾀｻﾝﾌﾟﾙ,,ﾐﾀｻﾝﾌﾟﾙ,ﾐﾀｻﾝﾌﾟﾙ,352-0011,埼玉県新座市野火止6-17-23,048-477-9762,
761031,水戸暖冷工業株式会社,,水戸暖冷工業,ﾐﾄﾀﾞﾝﾚｲｺｳｷ,311-3115,茨木県東茨城郡茨城町前田1680,029-292-0811,029-240-7009
761041,ﾐﾅﾄ医科学株式会社　　　　　#, 西紀工場　購買担当　加藤様,ﾐﾅﾄ医科学,ﾐﾅﾄｲｶｶﾞ,669-2735,兵庫県篠山市川西137番地,079-590-8002,079-590-8004
761045,美治紙器□,,美治紙器□,,,,,
761051,ﾐﾅﾄ･ｱﾄﾞﾊﾞﾝｽﾄ･ﾃｸﾉﾛｼﾞｰｽﾞ株式会社,,ﾐﾅﾄ･ｱﾄﾞﾊﾞﾝｽﾄ･ﾃｸﾉﾛｼﾞｰｽﾞ,ﾐﾅﾄｱﾄﾞﾊﾞﾝｽ,224-0026,横浜市都筑区南山田町4105番地,045-592-5546,045-591-9389
761061,株式会社みなとｻﾝﾌﾟﾙ　　761042,,みなとｻﾝﾌﾟﾙ,ﾐﾅﾄｻﾝﾌﾟﾙ,231-0011,神奈川県横浜市中区太田町2-21-1 SUB-BLD3F,045-227-5360,045-227-5361
761062,株式会社ﾐﾅﾐ 八戸工場,,ﾐﾅﾐ 八戸工場,ﾐﾅﾐ,039-0811,青森県八戸市市川町桔梗野上19-82,0178-38-1565,0178-38-1566
761071,ﾐﾔｺ化学株式会社　名古屋,,ﾐﾔｺ化学(株)名古屋,ﾐﾔｺｶｶﾞｸ,460-0003,愛知県名古屋市中区錦1-17-26ﾗｳﾝﾄﾞﾃﾗｽ伏見 2F,052-221-8231,052-221-8237
761081,ﾐﾔｺ化学株式会社 大阪支社, 産業資材部,ﾐﾔｺ化学(株) 大阪支社 産業資材部,ﾐﾔｺｶｶﾞｸｶﾌﾞ,541-0047,大阪府大阪市中央区淡路町1丁目7番3号日土地堺筋ﾋﾞﾙ7階,06-7711-7844,06-7711-7843
761082,ﾐﾔｺ化学株式会社 札幌営業所,,ﾐﾔｺ化学 札幌営業所,ﾐﾔｺｶｶﾞｸ,064-0917,札幌市中央区北1条東2丁目5番3塚本ﾋﾞﾙ北1館5階,011-806-0385,011-806-0386
761091,ﾐﾔｺ化学株式会社　産業資材部(東京合成樹脂課),,ﾐﾔｺ化学㈱産業資材部(東京）,ﾐﾔｺｶｶﾞｸ,102-0074,東京都千代田区九段南1-6-17 千代田会館6階,03-6685-0412,03-6685-0413
762002,武藤工業株式会社 LFP事業部,諏訪工場 購買部 購買課 小平,武藤工業株式会社 諏訪工場 小平,ﾑﾄｳｺｳｷﾞｮｳ,393-8585,長野県諏訪郡下諏訪町御田町上３１２８,0266-28-1882,0266-28-1335
762016,武藤工業□,,武藤工業□,,,,,
762041,六菱ｺﾞﾑ株式会社 本社･神戸工場,,六菱ｺﾞﾑ,ﾑﾂﾋﾞｼｺﾞﾑ,651-2228,兵庫県神戸市西区見津が丘2丁目3番地5,078-995-3331,078-995-3332
763016,名鉄運輸□,,名鉄運輸□,,,,,
763022,ﾑﾂﾎﾞｼ株式会社,,ﾑﾂﾎﾞｼ,ﾑﾂﾎﾞｼ,323-0807,栃木県小山市城東6丁目7-11,0285-29-1496,0285-24-1829
763031,株式会社明成商会 名古屋支社,電子材料営業部 営業4課,明成商会,ﾒｲｾｲｼｮｳｶｲ,461-0005,愛知県名古屋市東区東桜1-10-37久屋ﾋﾞﾙ3F,052-951-9291,052-961-9881
764011,株式会社森野,,森野,ﾓﾘﾉ,547-0001,大阪府大阪市平野区加美北6丁目1番19号,06-6792-7543,06-6791-9313
764021,もりや産業株式会社 大阪#,,もりや産業 大阪,ﾓﾘﾔｻﾝｷﾞｮｳ,536-0011,大阪府大阪市城東区放出西3丁目10番7号,06-6969-1171,06-6969-8243
764031,もりや産業株式会社 福岡営業所,,もりや産業 福岡,ﾓﾘﾔｻﾝｷﾞｮｳ,812-0016,福岡県福岡市博多区博多駅南4-17-20,092-414-9661,092-414-9671
764035,森村商事□,,森村商事□,,,,,
764041,もりや産業株式会社 東京支店#,,もりや産業 東京,ﾓﾘﾔｻﾝｷﾞｮｳ,136-0071,東京都江東区亀戸3-37-7,03-5626-6131,03-5626-3741
764051,株式会社ﾓﾘﾔﾏﾏﾃﾘｱﾙ,,ﾓﾘﾔﾏﾏﾃﾘｱﾙ,ﾓﾘﾔﾏ,329-1233,栃木県塩谷郡高根沢町宝積寺2388番森山産業㈱宇都宮工場生産管理･EDP,028-675-0431,028-675-5610
764056,もりや産業□,,もりや産業□,,,,,
764061,株式会社ﾓﾘﾔﾏﾏﾃﾘｱﾙ 東京,,ﾓﾘﾔﾏﾏﾃﾘｱﾙ 東京,ﾓﾘﾔﾏ,142-0053,東京都品川区中延2-5-10 森山ﾋﾞﾙ森山産業株式会社 本社内,03-3786-1911,
764066,森六ｹﾐｶﾙｽﾞ株式会社,札幌営業所,森六ｹﾐｶﾙｽﾞ,ﾓﾘﾛｸｹﾐｶﾙｽﾞ,060-0033,札幌市中央区北3条東3丁目1-30KNﾋﾞﾙ5階,011-222-6313,011-222-7293
770011,山本産業株式会社,,山本産業株式会社,ﾔﾏﾓﾄｻﾝｷﾞｮｳ,577-0005,大阪府東大阪市七軒家19-25,06-6744-1618,06-6744-4800
770021,株式会社山口商店,,山口商店,ﾔﾏｸﾞﾁｼｮｳﾃﾝ,540-0037,大阪市中央区内平野町2-2-4,06-6941-6543,06-6943-0941
770025,山口産業□,,山口産業□,,,,,
770036,ﾔﾏｺｰ□,,ﾔﾏｺｰ□,,,,,
770042,山中産業株式会社,,山中産業,ﾔﾏﾅｶｻﾝｷﾞｮｳ,541-0042,大阪府大阪市中央区今橋2-5-8ﾄﾚｰﾄﾞﾋﾟｱ淀屋橋9階,06-6125-6510,06-6125-6737
770045,山田会計事務所□,,山田会計事務所□,,,,,
770051,山森商事株式会社,,山森商事,ﾔﾏﾓﾘｼｮｳｼﾞ,547-0002,大阪市平野区加美東4-18-6,06-6791-0600,06-6791-0647
770056,ﾔﾏﾄ運輸大阪□,,ﾔﾏﾄ運輸大阪□,,,,,
770061,株式会社山利製作所,,山利製作所,ﾔﾏﾘｾｲｻｸｼｮ,526-0207,滋賀県長浜市太田町20,0749-76-0139,0749-76-1029
770075,ﾔﾏﾄ運輸ｴｷｽﾌﾟﾚｽ□,,ﾔﾏﾄ運輸ｴｷｽﾌﾟﾚｽ□,,,,,
770085,大和技研□,,大和技研□,,,,,
770091,矢崎ｴﾅｼﾞｰｼｽﾃﾑ株式会社,熱ｴﾈﾙｷﾞｰﾋﾞｼﾞﾈｽ準備室,矢崎ｴﾅｼﾞｰｼｽﾃﾑ,ﾔｻﾞｷｴﾅｼﾞｰｼ,435-0015,静岡県浜松市東区子安町1370,053-461-7111,053-461-7156
770101,大和ｻﾝﾌﾟﾙ製作所第二工房　　　　　770101,,大和ｻﾝﾌﾟﾙ製作所第二工房,ﾔﾏﾄｻﾝﾌﾟﾙｾｲ,170-0012,東京都豊島区上池袋4-21-12,03-5980-8099,03-5980-8031
770111,株式会社ﾔﾏﾄｳ,,株式会社ﾔﾏﾄｳ,ﾔﾏﾄｳ,571-0038,大阪府門真市柳田30-１,06-6909-8010,06-6909-8011
772011,ﾕｱｻ化成株式会社 向日市工場,,ﾕｱｻ化成㈱ 向日市工場,ﾕｱｻ,617-0003,京都府向日市森本町上町田6-11,075-934-6761,075-934-6369
772021,ﾕｰｱｲ商事,,ﾕｰｱｲ商事,ﾕｰｱｲｼｮｳｼﾞ,659-0000,兵庫県芦屋市岩園町37-14,090-3675-3262,0797-23-3729
772025,ﾕﾀｶ製作所□,,ﾕﾀｶ製作所□,,,,,
772031,ﾕｱｻ化成株式会社(試作･開発),,ﾕｱｻ化成㈱,ﾕｱｻ,617-0003,京都府向日市森本町上町田6-11,075-934-6761,075-934-6369
772032,株式会社UACJ金属加工 滋賀工場,産業機器製造部SNE製造ｸﾞﾙｰﾌﾟ 東峰,UACJ金属加工滋賀工場,ﾕｰｴｰｼｰ,520-3212,滋賀県湖南市小砂町1番地,0748-75-1759,0748-75-1791
772036,ﾕﾆｵﾝｺｰﾎﾟﾚｰｼｮﾝ□,,ﾕﾆｵﾝｺｰﾎﾟﾚｰｼｮﾝ□,,,,,
772046,ﾕﾆｵﾝｺｰﾎﾟﾚｰｼｮﾝ東京支店□,,ﾕﾆｵﾝｺｰﾎﾟﾚｰｼｮﾝ東京支店□,,,,,
772051,ﾕﾆﾃｯｸﾊﾟﾛﾏ株式会社,,ﾕﾆﾃｯｸﾊﾟﾛﾏ,ﾕﾆﾃｯｸﾊﾟﾛﾏ,639-1032,奈良県大和郡山市池沢町240-1,0743-58-3402,0743-58-3412
772056,ﾕﾆｺﾛﾝ□,,ﾕﾆｺﾛﾝ□,,,,,
772061,ﾕﾆｵﾝｹﾐｶｰ株式会社　購買課,,ﾕﾆｵﾝｹﾐｶｰ㈱,ﾕﾆｵﾝ,573-1132,大阪府枚方市招提田近3-10,072-856-3325,072-866-2577
772066,ﾕﾆﾌｫｰﾑ北海道□,,ﾕﾆﾌｫｰﾑ北海道□,,,,,
774011,横浜食品さんぷる教室,食品さんぷる畑,横浜食品さんぷる教室,ﾖｺﾊﾏｼｮｸﾋﾝｻ,221-0834,神奈川県横浜市神奈川区台町7-2-504,090-7828-7809,
774012,ﾖｰﾎｰ電子株式会社,,ﾖｰﾎｰ電子,ﾖｰﾎｰﾃﾞﾝｼ,571-0017,大阪府門真市四宮6丁目6番46号,072-881-6355,072-881-8910
774021,ﾖﾂｷﾞ株式会社,,ﾖﾂｷﾞ,ﾖﾂｷﾞｶﾌﾞｼｷｶ,550-0012,大阪府大阪市西区立売堀4-5-21,06-6532-7298,
774026,吉田SKT□,,吉田SKT□,,,,,
780015,ﾗﾝｽﾀｯﾄﾞ□,,ﾗﾝｽﾀｯﾄﾞ□,,,,,
781011,株式会社ﾘｯﾁｪﾙ 水橋工場,,ﾘｯﾁｪﾙ 水橋工(ｴｯｼﾞｸｯｼｮﾝ),ﾘｯﾁｪﾙ,939-0592,富山県富山市水橋桜木136,076-478-2155,076-478-5335
781016,理興産業□,,理興産業□,,,,,
781022,株式会社ﾘｯﾁｪﾙ 生産管理課,,ﾘｯﾁｪﾙ 上野 金型,ﾘｯﾁｪﾙ,939-0592,富山県富山市水橋桜木136,076-478-2155,076-478-5335
781026,理興産業札幌支店□,,理興産業札幌支店□,,,,,
781032,株式会社ﾘｯﾁｪﾙ,生産管理課,ﾘｯﾁｪﾙ ﾍﾟｯﾄ,ﾘｯﾁｪﾙ,939-0592,富山県富山市水橋桜木136,076-478-2943,076-478-2161
781041,株式会社ﾘﾃﾞｨｱﾜｰｸｽ　　　781041,,ﾘﾃﾞｨｱﾜｰｸｽ,ﾘﾃﾞｨｱﾜｰｸｽ,130-0023,東京都墨田区立川3-6-5-2F,03-6659-5215,03-6659-5217
781055,ﾘｰﾁ□,,ﾘｰﾁ□,,,,,
783011,株式会社ﾚｼﾞｰﾅ,,ﾚｼﾞｰﾅ,ﾚｼﾞｰﾅ,019-1402,秋田県仙北郡美郷町野中下村107-2,0187-84-1516,
783016,ﾚﾝｺﾞｰ□,,ﾚﾝｺﾞｰ□,,,,,
783022,冷電工業株式会社,,冷電工業,ﾚｲﾃﾞﾝｺｳｷﾞｮ,061-3244,石狩市新港南2丁目718番地3,0133-64-6000,0133-64-6001
790011,使用ｼﾅｲ YKK AP株式会社 特需直販商開G　＃,東京商品開発室 谷本 隆,YKK AP 東京　#,ﾜｲｹｲｹｲ,130-8521,東京都墨田区亀沢3丁目22-1YKK60ﾋﾞﾙ4階,03-5610-8418,
790015,YKKﾌｧｽﾆﾝｸﾞﾌﾟﾛﾀﾞｸﾂ□,,YKKﾌｧｽﾆﾝｸﾞﾌﾟﾛﾀﾞｸﾂ□,,,,,
790022,YKK AP株式会社,黒部事業所 購買課,YKK AP,ﾜｲｹｲｹｲ,938-8610,富山県黒部市吉田200,0765-54-8535,0765-54-8539
790025,日鋼YPK商事□,,日鋼YPK商事□,,,,,
790031,ﾜｲｺﾑ株式会社,,ﾜｲｺﾑ,ﾜｲｺﾑｶ,537-0023,大阪市東成区玉津1丁目9-10,06-6972-1251,06-6972-6161
790035,ﾜｲﾒｯｸｽ□,,ﾜｲﾒｯｸｽ□,,,,,
790041,和光電研株式会社,,和光電研,ﾜｺｳﾃﾞﾝｹﾝ,581-0039,大阪府八尾市太田新町1-33,072-948-1551,072-948-1368
790045,和歌山ｺﾞﾑ工業□,,和歌山ｺﾞﾑ工業□,,,,,
790051,合同会社ﾜｯｶﾗﾎﾞ,,ﾜｯｶﾗﾎﾞ,ﾜｯｶﾗﾎﾞ,573-1182,大阪府枚方市御殿山町16-9 B1,050-6870-4667,072-849-3157
790056,ﾜｺｰ□,,ﾜｺｰ□,,,,,
790061,株式会社ﾜﾝ･ﾊﾞｲ･ﾜﾝ,,ﾜﾝ･ﾊﾞｲ･ﾜﾝ,ﾜﾝﾊﾞｲﾜﾝ,578-0903,大阪府東大阪市今米2-1-39,072-968-1011,072-968-1013
790071,株式会社ﾜﾝﾜｰﾄﾞ,,ﾜﾝ ﾜｰﾄﾞ,ﾜﾝﾜｰﾄﾞ,578-0911,大阪府東大阪市中新開2-9-2,072-960-0151,072-960-0152
799999,(送り状),,送り状,ﾀﾞﾐｰ,,,,
