仕入先ｺｰﾄﾞ,仕入先名１,仕入先名２,仕入先名略称,仕入先名索引,郵便番号,住所１住所２,電話番号,ＦＡＸ番号
700015,株式会社ｱｰﾄｳｲﾝｽﾞ,,ｱｰﾄｳｲﾝｽﾞ,ｱｰﾄｳｲﾝｽﾞ,574-0064,大阪府大東市御領3-11-27,072-870-9600,072-870-9610
700031,ｱｰﾙ■,,ｱｰﾙ■,,,,,
700035,株式会社ｱｲ･ｱｲ･ﾃｨｰ,藤山ｺﾝｻﾙﾃｨﾝｸﾞ　藤山紳一,ｱｲ･ｱｲ･ﾃｨｰ,ｱｲｱｲｱﾃｨｰ,520-0113,滋賀県大津市坂本1-5-77,077-525-0515,077-525-0515
700041,ｱｰﾙｻﾝﾌﾟﾙ■,,ｱｰﾙｻﾝﾌﾟﾙ■,,,,,
700045,株式会社I.Sﾋｰﾀｰ製作所,,I.Sﾋｰﾀｰ製作所,ｱｲｴｽﾋｰﾀｰ,572-0829,大阪府寝屋川市萱島信和町26-14,072-822-2661,072-822-5958
700055,ｱｲ･ｹｰ･ｼﾞｰ株式会社,,ｱｲ･ｹｰ･ｼﾞｰ,ｱｲｹｰｼﾞｰ,108-0023,東京都港区芝浦2-1-13ﾀﾞｲﾄｰ本社ﾋﾞﾙ別館,03-3456-6855,03-3452-9368
700065,ｱｲﾒｯｸｽ株式会社,,ｱｲﾒｯｸｽ,ｱｲﾒｯｸｽ,564-0052,吹田市広芝町4-1江坂ﾐﾀｶﾋﾞﾙ5F,06-6338-6551,06-6338-6212
700076,株式会社ｱｲﾗｲﾝ,,ｱｲﾗｲﾝ,ｱｲﾗｲﾝ,066-0063,千歳市幸町6-18-3千歳駅前ビル2F,0123-40-1171,0123-40-1172
700081,旭化成建材 商品開発■,,旭化成建材 商品開発■,,,,,
700085,株式会社ｱｷｭﾚｲﾄ,京都ｶｽﾀﾏｰｾﾝﾀｰ,ｱｷｭﾚｲﾄ,ｱｷｭﾚｲﾄ,612-8419,京都府京都市伏見区竹田北三ﾂ杭町20,075-646-4520,075-642-1214
700091,旭化成住工生産技術部■,,旭化成住工生産技術部■,,,,,
700095,あけぼの化成株式会社,,あけぼの化成,ｱｹﾎﾞﾉ,582-0027,大阪府柏原市円明町741-1,0729-76-1041,0729-77-9101
700101,旭化成住工ｱｾﾝﾌﾞﾙ■,,旭化成住工ｱｾﾝﾌﾞﾙ■,,,,,
700105,有限会社浅田石油,,浅田石油,ｱｻﾀﾞｾｷﾕ,571-0015,門真市三ﾂ島1100-3,072-883-2220,
700111,旭ｺﾞﾑ本社■,,旭ｺﾞﾑ本社■,,,,,
700115,株式会社旭ﾌﾟﾚｼｼﾞｮﾝ,,旭ﾌﾟﾚｼｼﾞｮﾝ,ｱｻﾋﾌﾟﾚｼｼﾞｮ,617-0004,京都府向日市鶏冠井町十相30,075-925-1251,075-932-3368
700121,旭ｺﾞﾑ枚方事業所■,,旭ｺﾞﾑ枚方事業所■,ｱｻﾋｺﾞﾑﾋﾗｶﾀ,,,,
700125,安達新産業株式会社,,安達新産業,ｱﾀﾞﾁｼﾝ,550-0012,大阪府大阪市西区立売堀1-14-20ｱﾈｯｸｽﾋﾞﾙ10F,06-6536-2051,06-6536-2015
700131,ｱｻﾋｻﾝﾌﾟﾙ■,,ｱｻﾋｻﾝﾌﾟﾙ■,,,,,
700141,旭食品ｻﾝﾌﾟﾙ製作所■,,旭食品ｻﾝﾌﾟﾙ製作所■,,,,,
700146,ｱﾗﾏｰｸﾕﾆﾌｫｰﾑｻｰﾋﾞｽｼﾞｬﾊﾟﾝ株式会社,,ｱﾗﾏｰｸﾕﾆﾌｫｰﾑｻｰﾋﾞｽ,ｱﾗﾏｰｸﾕﾆﾌｫｰ,007-0826,札幌市東区東雁来6条2丁目3-60,011-786-3211,011-786-3216
700155,ｱﾗﾑ株式会社,,ｱﾗﾑ,ｱﾗﾑ,530-0043,大阪市北区天満2-3-10,06-6351-8860,06-6351-8856
700161,安達食品ｻﾝﾌﾟﾙ製作所■,,安達食品ｻﾝﾌﾟﾙ製作所■,,,,,
700165,ｱﾘｽｹﾐｶﾙ株式会社,,ｱﾘｽｹﾐｶﾙ株式会社,ｱﾘｽｹﾐｶﾙ,578-0901,大阪府東大阪市加納4-14-16,0729-60-2455,0729-64-5231
700171,旭ｺﾞﾑ船橋営業所■,,旭ｺﾞﾑ船橋営業所■,,,,,
700176,ｱﾙﾊﾟｽﾀｯﾌ株式会社 <三菱化学>,,ｱﾙﾊﾟｽﾀｯﾌ<三菱化学>,ｱﾙﾊﾟｽﾀｯﾌ,108-0014,東京都港区芝5丁目33番8号第一田町ﾋﾞﾙ,03-6414-4030,03-6414-4078
701012,有限会社ｲｰﾃｯｸ,,ｲｰﾃｯｸ,ｲｰﾃｯｸ,061-1111,北広島市北の里341-4,011-372-2551,011-372-2119
701015,株式会社生駒,,生駒,ｲｺﾏ,574-0052,大東市新田北町2-7,072-871-6526,072-874-9131
701026,有限会社ｲｰｴﾌﾃｸﾉ,,ｲｰｴﾌﾃｸﾉ,ｲｰｴﾌﾃｸﾉ,581-0036,大阪府八尾市沼4丁目18番地,0729-48-8888,0729-48-8800
701031,ｲｰﾋﾞｰｴﾑ■,,ｲｰﾋﾞｰｴﾑ■,,,,,
701045,株式会社ｲｲﾉ,,ｲｲﾉ,ｲｲﾉ,590-0018,堺市堺区今池町2丁10-26,072-238-7177,072-227-4737
701051,伊藤忠ﾌﾟﾗｽﾁｯｸｽ名古屋■,,伊藤忠ﾌﾟﾗｽﾁｯｸｽ名古屋■,,,,,
701055,有限会社井川製作所,,井川製作所,ｲｶﾞﾜｾｲｻｸｼｮ,580-0002,大阪府松原市小川4-4-5,072-332-8107,072-335-2450
701065,生野造機株式会社,,生野造機,ｲｸﾉｿﾞｳｷ ｶﾌ,641-0001,和歌山市杭ﾉ瀬252番地,073-471-8263,073-473-8157
701071,因幡電機産業株式会社,電材ｶﾝﾊﾟﾆ-西日本統括部 特販営業部 ﾄﾞｷｭﾒﾝﾄ課,因幡電機,ｲﾅﾊﾞﾃﾞﾝｷｻﾝ,550-0012,大阪府大阪市西区立売堀4-11-14,06-6538-1789,06-6538-0516
701076,株式会社石狩環境ﾒﾝﾃﾅﾝｽｾﾝﾀｰ,,石狩環境ﾒﾝﾃﾅﾝｽｾﾝﾀｰ,ｲｼｶﾘｶﾝｷｮｳ,061-3242,石狩市新港中央3丁目750番地10,0133-64-6020,0133-64-6022
701081,今井ｺﾞﾑ■,,今井ｺﾞﾑ■,,,,,
701091,ｲﾜｲｻﾝﾌﾟﾙ■,,ｲﾜｲｻﾝﾌﾟﾙ■,,,,,
701096,協同組合石狩新港卸ｾﾝﾀｰ,,ｷｮｳｸﾐ石狩新港卸ｾﾝﾀｰ,ｲｼｶﾘｼﾝｺｳ,061-3241,石狩市新港西1丁目721,0133-73-7111,0133-73-7777
701101,いわさき■,,いわさき■,,,,,
701111,岩崎総合研究所■,,岩崎総合研究所■,,,,,
701116,有限会社ｲｽﾄ,,ｲｽﾄ,ｲｽﾄ,007-0820,札幌市東区東雁来町353番72,011-807-9471,011-807-9481
701121,岩本製作所■,,岩本製作所■,ｲﾜﾓﾄｾｲｻｸｼｮ,,,,
701125,伊勢運輸株式会社,,伊勢運輸,ｲｾｳﾝﾕ,061-3242,北海道石狩市新港中央3-762-2,0133-64-6171,
701135,ｲﾁｲ有限会社,,ｲﾁｲ,ｲﾁｲ,574-0042,大阪府大東市大野1丁目9-10,072-872-0519,072-874-0041
701146,有限会社ｲﾁｲﾂｰﾙ,,ｲﾁｲﾂｰﾙ,ｲﾁｲﾂｰﾙ,001-0909,北海道札幌市北区新琴似9条2丁目4番1-508号,011-763-9525,011-763-9525
701155,伊藤忠ﾌﾟﾗｽﾁｯｸｽ株式会社,,伊藤忠ﾌﾟﾗｽﾁｯｸｽ//,ｲﾄｳﾁｭｳﾌﾟﾗｽ,540-6028,大阪市中央区城見1-2-27大阪樹脂一部 販売一課,06-4794-7931,06-4794-7941
701166,株式会社伊藤電気商会,,伊藤電気商会,ｲﾄｳﾃﾞﾝｷｼｮｳ,,,,
701185,稲畑産業株式会社,,稲畑産業//,ｲﾅﾊﾞﾀｻﾝｷﾞｮ,542-0081,大阪市中央区南船場1丁目15-14 合成樹脂第一本部,06-6267-6256,06-6267-6030
701191,ｲﾑﾗｻﾝﾌﾟﾙ□,,ｲﾑﾗｻﾝﾌﾟﾙ■,,,,,
701196,株式会社ｲｰ･ﾅｯｸ,,ｲｰ･ﾅｯｸ,ｲｰﾅｯｸ,007-0837,札幌市東区北37条東7丁目2-11,011-741-5521,011-712-4884
702021,ｳﾗﾉ■,,ｳﾗﾉ■,,,,,
702025,ｳｨﾙﾊﾞｰ･ｴﾘｽ株式会社,,ｳｨﾙﾊﾞｰ･ｴﾘｽ,ｳｨﾙﾊﾞｰｴﾘｽ,105-0022,東京都港区海岸1丁目-9-1 浜離宮ｲﾝﾀｰｼﾃｨ4F,03-6402-6300,03-6402-6340
703016,北海道ｴｱ･ｳｵｰﾀｰ株式会社,札幌西営業所,北海道道ｴｱ･ｳｵｰﾀｰ札幌,ｴｱｳｵｰﾀｰｻｯﾎ,061-3241,北海道石狩市新港西3丁目750番地,0133-73-3790,0133-73-5059
703021,永和■,,永和■,,,,,
703026,ｴｱ･ｳｫｰﾀｰ株式会社,,ｴｱ･ｳｫｰﾀｰ,ｴｱｳｵｰﾀｰ,105-0001,東京都港区虎ノ門3丁目18番19号,03-3578-7824,03-3578-7828
703032,ｴｰｽﾗｹﾞｰｼﾞ■,,ｴｰｽﾗｹﾞｰｼﾞ■,,,,,
703035,有限会社栄光電子工業,,栄光電子工業,ｴｲｺｳﾃﾞﾝｼ,571-0017,大阪府門真市四宮3丁目8-19,072-881-2755,072-881-2145
703056,有限会社HBS,(ｻﾑｿﾝ蒸気ﾎﾞｲﾗ販売施工･保守店),HBS,ｴｲﾁﾋﾞｰ,062-0931,札幌市豊平区平岸1条15丁目5-28,011-842-1144,011-842-1039
703066,永和化成工業株式会社,,永和化成工業,ｴｲﾜｶｾｲ,101-0032,東京都千代田区岩本町１丁目2-11北村ﾋﾞﾙ4階,03-3866-9251,
703071,エムテクノ㈱　■,,エムテクノ㈱,,,,,
703085,株式会社ｴｰﾋﾞｰｼｽﾃﾑ 福島本社,,ｴｰﾋﾞｰｼｽﾃﾑ,ｴｰﾋﾞｰｼｽﾃﾑ,969-0101,福島県西白河郡泉崎村泉崎村第一工業団地,0248-54-1010,0248-53-4005
703092,株式会社ｴﾑ･ﾏﾂﾊﾞﾗ ■,,ｴﾑ･ﾏﾂﾊﾞﾗ,ｶﾌﾞｼｷｶﾞｲｼｬ,,,,
703095,株式会社ｴｼﾛ化学,,ｴｼﾛ化学,ｴｼﾛｶｶﾞｸ,538-0041,大阪市鶴見区今津北2-6-26,06-6961-0088,06-6962-8620
703106,株式会社ｴｽｱｰﾙｴｽ,,ｴｽｱｰﾙｴｽ,ｴｽｱｰﾙｴｽ,581-0037,大阪府八尾市太田1-162-11,072-948-6677,072-948-6668
703125,ｴﾑｽﾘｰ,,ｴﾑｽﾘｰ,ｴﾑｽﾘｰ,631-0002,奈良県奈良市東登美ケ丘2-7-2,0742-47-6861,
703131,興和江守株式会社,,興和江守株式会社,ｺｳﾜｴﾓﾘ,918-8001,福井県福井市毛矢1-6-23,0776-36-6526,0776-36-6571
703135,株式会社ｴﾑﾃｨｰｱｲ,,ｴﾑﾃｨｰｱｲ,ｴﾑﾃｨｰｱｲ,163-1435,東京都新宿区西新宿3-20-2 東京ｵﾍﾟﾗｼﾃｨ35F,03-5333-6789,03-5333-6791
703155,株式会社M＆E,,M＆E,ｴﾑｱﾝﾄﾞｲｰ,114-0014,東京都北区田端1-18-15,03-6323-4681,03-6385-0468
703156,株式会社AWA,,AWA,ｴｰﾀﾞﾌﾞ,350-0128,埼玉県比企郡川島町白井沼454-5,049-299-7907,049-299-7908
704016,有限会社笈川刃物工業,,笈川刃物工業,ｵｲｶﾜﾊﾓﾉ,047-0261,小樽市銭函3丁目135-9,0134-62-2210,0134-62-2867
704026,株式会社ｵｲﾙﾀｰﾐﾅﾙ 石狩ｾﾝﾀｰ,,ｵｲﾙﾀｰﾐﾅﾙ,ｵｲﾙﾀｰﾐﾅﾙ,061-3241,石狩市新港西1丁目703-11,0133-75-8822,0133-75-8823
704031,大吉ﾌﾟﾗｽﾁｯｸ工業株式会社,,大吉ﾌﾟﾗｽﾁｯｸ工業株式会社,,,,,
704041,AUTHENTIC TRADE株式会社,,AUTHENTIC TRADE,ｵｰｾﾝﾃｨｯｸﾄﾚ,636-0815,奈良県生駒郡三郷町勢野北4-8-39,090-8528-7336,0745-60-6881
704046,ｵｶﾍﾞﾏｰｷﾝｸﾞｼｽﾃﾑ㈱ 札幌営業所,,ｵｶﾍﾞﾏｰｷﾝｸﾞｼｽﾃﾑ,ｵｶﾍﾞﾏｰｷﾝｸﾞ,064-0806,北海道札幌市中央区南六条西1-5 6.1ﾋﾞﾙ 5階,011-562-3525,011-562-8280
704055,大阪塩ﾋﾞ株式会社,,大阪塩ﾋﾞ,ｵｵｻｶｴﾝﾋﾞ,584-0024,富田林市若松町4丁目12-15,0721-24-0074,0721-24-2083
704065,大阪特殊刃物株式会社,,大阪特殊刃物,ｵｵｻｶﾄｸｼｭ,583-0008,藤井寺市大井2丁目5-35,0729-39-5800,0729-39-6610
704075,大谷労務管理事務所,,大谷労務管理事務所,ｵｵﾀﾆﾛｳﾑｶﾝﾘ,577-0802,大阪府東大阪市小阪本町1-1-32大一ﾋﾞﾙ2F,06-4307-7777,06-4307-7778
704082,使用ｼﾅｲ,,大吉ﾌﾟﾗｽﾁｯｸ工業,ｵｵﾖｼﾌﾟﾗｽﾁｯ,578-0941,大阪府東大阪市岩田町6丁目7-25,072-964-9858,072-964-9859
704085,株式会社大塚商会,,大塚商会,ｵｵﾂｶｼｮｳｶｲ,553-0003,大阪府大阪市福島区福島6-14-1,06-6456-2664,06-6456-2774
704141,株式会社ｵｻﾀﾞｺｰﾎﾟﾚｰｼｮﾝ,,ｵｻﾀﾞｺｰﾎﾟﾚｰｼｮﾝ,ｵｻﾀﾞｺｰﾎﾟﾚｰ,251-0871,神奈川県藤沢市善行1-6-1,0466-47-7546,0466-47-7284
704145,岡畑産業株式会社,,岡畑産業,ｵｶﾊﾀｻﾝｷﾞｮｳ,542-0081,大阪府大阪市中央区南船場1-7-11,06-6262-0641,06-6266-0458
704165,株式会社小椋商店,,小椋商店,ｵｸﾞﾗｼｮｳﾃﾝ,556-0006,大阪市浪速区日本橋東3-10-5,06-6631-1901,06-6631-7908
704175,株式会社荻野精機製作所,,荻野精機製作所,ｵｷﾞﾉ,335-0001,埼玉県蕨市北町3-7-19,048-443-2211,048-443-2214
704201,岡安ｺﾞﾑ株式会社■,,岡安ｺﾞﾑ株式会社■,,,,,
710011,角一化成株式会社,,角一化成,ｶｸｲﾁｶｾｲ,564-0051,大阪府吹田市豊津町31番10号,06-6380-3901,06-6380-3914
710021,化成品産業株式会社,,化成品産業,ｶｾｲﾋﾝｻﾝｷﾞｮ,630-0121,奈良県生駒市北大和4-1-5,0743-79-5600,0743-79-5603
710035,ｶﾀｵｶｼｭｳｿﾞｳ（西光電気工業所,,ｶﾀｵｶｼｭｳｿﾞｳ（西光電気,ｶﾀｵｶｼｭｳｿﾞｳ,578-0983,東大阪市吉田下島2-8,0729-62-8638,0729-63-1369
710045,株式会社ｶﾀ技術,,ｶﾀ技術,ｶﾀｷﾞｼﾞｭﾂ,571-0042,大阪府門真市深田町9-8,06-6908-9179,06-6906-5362
710066,ｶﾈﾊﾟｯｹｰｼﾞ株式会社,,ｶﾈﾊﾟｯｹｰｼﾞ,ｶﾈﾊﾟｯｹｰｼﾞ,358-0046,埼玉県入間市南峯1095-15,04-2936-3031,04-2936-3036
710085,株式会社秋山化学工業所,,秋山化学工業所,ｱｷﾔﾏｶｶﾞｸｺｳ,544-0004,大阪府大阪市生野区巽北1丁目13-23,06-6751-4887,06-6751-4888
710105,加美ｺﾝﾋﾟｭｰﾀｰｻｰﾋﾞｽ株式会社,,加美ｺﾝﾋﾟｭｰﾀｰｻｰﾋﾞｽ,ｶﾐｺﾝﾋﾟｭｰﾀｰ,547-0005,大阪市平野区加美西2丁目6-1,06-6792-6480,06-6794-5850
710115,ｶﾓﾄ金型有限会社,,ｶﾓﾄ金型//,ｶﾓﾄｶﾅｶﾞﾀ,578-0903,大阪府東大阪市今米1-15-32,0729-63-7849,0729-62-6213
710125,河内機械,,河内機械,ｶﾜﾁｷｶｲ,578-0975,東大阪市中鴻池町2丁目2番6号,06-6744-0001,06-6744-1213
710136,川股機械製作所,,川股機械製作所,ｶﾜﾏﾀｷｶｲｾｲｻ,066-0052,千歳市文京1丁目2-6-205,070-5615-7591,0123-28-1225
710145,関西ﾌｧｽﾅｰ株式会社,,関西ﾌｧｽﾅｰ,ｶﾝｻｲﾌｧｽﾅｰ,561-0859,大阪府豊中市服部豊町2-3-19,06-6868-2365,06-6868-2365
710155,株式会社関西ﾏﾂﾀﾞ 守口店,,関西ﾏﾂﾀﾞ守口店,ｶﾝｻｲﾏﾂﾀﾞ,570-0021,守口市八雲東町2-78-33,06-6909-1152,06-6909-6663
710165,使用ｼﾅｲ,,使用ｼﾅｲ 環商事,ｶﾝｼｮｳｼﾞ,72,北海道美唄市東6条北5-3-1,01266-2-6621,01266-3-3912
710176,株式会社環商事,,環商事,ｶﾝｼｮｳｼﾞ,001-0932,札幌市北区新川西2条1丁目4-15,,
711055,株式会社北川商店,,北川商店,ｷﾀｶﾞﾜｼｮｳﾃ,574-0077,大阪府大東市三箇3-11-45,072-875-2381,072-875-2382
711076,北村化学産業株式会社//,,北村化学産業//,ｷﾀﾑﾗ,004-0041,札幌市厚別区大谷地東１丁目3-23山勇ﾋﾞﾙ3F,011-801-3322,011-801-3323
711082,使用しない,,使用しない,ｷｽｺ,541-8513,大阪府大阪市中央区伏見町3丁目3-7,06-6202-2261,06-6222-5217
711085,KISCO株式会社,,KISCO 東京,ｷｽｺ,,東京都中央区日本橋本町4-11-2dix事業部 dixﾁｰﾑ,,
711091,KISCO株式会社,,KISCO 大阪,ｷｽｺ,541-8513,大阪市中央区伏見町3-3-7 大阪化学品部dixﾁｰﾑ ﾀﾞｲﾏｰ&ｺｰ,06-6202-2265,06-6222-3098
711095,ｷﾉｼﾀﾐｷｵ（大東金型製作所,,ｷﾉｼﾀﾐｷｵ（大東金型製,ｷﾉｼﾀﾐｷｵ,574-0064,大阪府大東市御領3丁目390-2,072-871-6973,072-871-6973
711105,QAｼｽﾃﾑｽﾞ 前田秀雄,,QAｼｽﾃﾑｽﾞ 前田秀雄,ｷｭｰｴｰｼｽﾃﾑｽ,535-0003,大阪市旭区中宮1丁目12-14,06-6952-0123,
711116,株式会社協栄樹脂製作所,茨城工場,協栄樹脂製作所,ｷｮｳｴｲｼﾞｭｼ,306-0411,茨城県猿島郡境町下砂井440,0280-87-1311,0280-87-1312
711125,株式会社北畑鉄工所,,株式会社北畑鉄工所,ｷﾀﾊﾀﾃｯｺｳ,915-0054,福井県越前市小野谷町33-3-1,0778-23-5650,0778-23-5640
711135,使用ｼﾅｲ 現金 旭東事務機販売,,旭東事務機販売,ｷｮｸﾄｳｼﾞﾑｷ,532-0031,大阪市淀川区加島1丁目56-13,06-6393-0563,
712015,国松株式会社,,国松,ｸﾆﾏﾂ,538-0054,大阪府大阪市鶴見区緑2-6-12,06-6911-1591,06-6911-8650
712025,國本素子（東穂加工,,國本素子（東穂加工,ｸﾆﾓﾄ,619-1127,京都府木津川市南加茂台4-3-1,0774-76-6916,0774-76-6916
712031,ｸﾗﾚﾌｧｽﾆﾝｸﾞ株式会社,,ｸﾗﾚﾌｧｽﾆﾝｸﾞ,ｸﾗﾚﾌｧｽﾆﾝｸﾞ,530-8611,大阪府大阪市北区角田町8-1梅田阪急ﾋﾞﾙｵﾌｨｽﾀﾜｰ,06-7635-1868,06-7635-1860
712035,ｸﾗﾚﾄﾚｰﾃﾞｨﾝｸﾞ株式会社,大阪ｴﾗｽﾄﾏｰG,ｸﾗﾚﾄﾚｰﾃﾞｨﾝｸﾞ,ｸﾗﾚﾄﾚｰﾃﾞｨﾝ,530-8611,大阪府大阪市北区角田町８番１号梅田阪急ﾋﾞﾙｵﾌｨｽﾀﾜｰ39階,06-7635-1800,06-7635-1983
712045,株式会社ｸﾎﾞﾀｹﾐｯｸｽ,,㈱ｸﾎﾞﾀｹﾐｯｸｽ,ｸﾎﾞﾀｹﾐｯｸｽ,103-0007,東京都中央区日本橋浜町3丁目3番2号,03-5695-3274,
713021,㈱ケイケイ　■,,㈱ケイケイ　■,,,,,
714011,株式会社ｺﾞｳﾀﾞ,神戸事業所,ｺﾞｳﾀﾞ,ｺﾞｳﾀﾞ,651-0087,神戸市中央区御幸通7-1-15,078-251-2451,078-251-2456
714015,使用ｼﾅｲ ｺｰｶﾞｱｲｿﾄｰﾌﾟ,,使用ｼﾅｲ,ｺｰｶﾞｱｲｿﾄｰﾌ,520-3404,滋賀県甲賀市甲賀町神保甲賀町神保53-6,0748-88-3125,0748-88-2296
714016,株式会社ｺｰｶﾞｱｲｿﾄｰﾌﾟ,,ｺｰｶﾞｱｲｿﾄｰﾌﾟ,ｺｰｶﾞｱｲｿﾄｰﾌ,520-3404,滋賀県甲賀市甲賀町神保53-6,0748-88-3125,0748-88-2296
714025,株式会社工販,,工販,ｺｳﾊﾝ,651-0061,兵庫県神戸市中央区上筒井通3-5-5,078-242-1556,078-221-2391
714036,高新木材株式会社,,高新木材,ｺｳｼﾝﾓｸｻﾞｲ,006-0832,札幌市手稲区曙2条3丁目1-28,011-681-4315,011-694-0505
714055,高分子計器株式会社,,高分子計器,ｺｳﾌﾞﾝｼｹｲｷ,602-8027,京都市上京区下立売通室町西入,075-414-1411,075-431-0661
714065,工販,,工販,,,,,
714076,ｺｰﾝｽﾞ ﾄﾞｯﾄｳｪﾙ ｺｰﾃﾞｨﾝｸﾞ株式会社,,ｺｰﾝｽﾞ ﾄﾞｯﾄｳｪﾙ ｺｰﾃﾞｨﾝ,ｺｰﾝｽﾞ,150-8451,東京都渋谷区東3-16-3ｴﾌ･ﾆｯｾﾝ恵比寿ﾋﾞﾙ,03-3797-1310,03-3797-1270
714081,株式会社ｺｽﾓﾄﾚｰﾃﾞｨﾝｸﾞ,,ｺｽﾓﾄﾚｰﾃﾞｨﾝｸﾞ,ｺｽﾓﾄﾚｰﾃﾞｨﾝ,541-0044,大阪府大阪市中央区伏見町2-1-1三井住友ﾋﾞﾙ9階,06-4707-6366,06-4707-0111
714085,ｺｽﾓ石油販売㈱ 大阪ｶﾝﾊﾟﾆｰ,,ｺｽﾓ石油販売 大阪,ｺｽﾓｾｷﾕﾊﾝﾊﾞ,550-0005,大阪市西区西本町2-3-6山岡ﾋﾞﾙ,06-4390-3306,
714105,ｺｽﾓﾎﾟﾘﾏｰ株式会社,,ｺｽﾓﾎﾟﾘﾏｰ,ｺｽﾓﾎﾟﾘﾏｰ,630-8276,奈良市北半田西町14-3,0742-26-3372,
714116,株式会社小山商店//,,小山商店//,ｺﾔﾏｼｮｳﾃﾝ,020-0125,岩手県盛岡市上堂4丁目11-21,019-646-9162,019-647-7765
720015,斉藤株式会社,,斉藤株式会社,ｻｲﾄｳｶﾌﾞｼｷｶ,577-0006,大阪府東大阪市楠根2丁目6-8,06-6745-0221,06-6744-3110
720016,ｻｶｲｵｰﾍﾞｯｸｽ株式会社,,ｻｶｲｵｰﾍﾞｯｸｽ,ｻｶｲｵｰﾍﾞｯｸｽ,918-8530,福井市花堂中2丁目15-1,0776-36-5800,
720025,栄金属製作所,,栄金属製作所,ｻｶｴ ｷﾝｿﾞｸｾ,,八尾市楠根町5丁目73番地,072-999-3901,072-997-4493
720045,坂下仁志（JINTECH）,,坂下仁志（JINTECH）,ｻｶｼﾀﾋﾄｼ,592-0005,大阪府高石市千代田２－１５－８,072-262-4401,
720046,株式会社栄ﾗｲﾄ工業所,,栄ﾗｲﾄ工業所,ｻｶｴﾗｲﾄ,574-0052,大阪府大東市新田北町1番18号,072-871-3841,072-874-2756
720052,株式会社札幌ｺﾞﾑ,,札幌ｺﾞﾑ,ｻｯﾎﾟﾛｺﾞﾑ,063-0835,札幌市西区発寒15条12丁目2-45,011-666-5656,011-666-3232
720055,佐川急便株式会社 大阪,,佐川急便 大阪,ｻｶﾞﾜｷｭｳﾋﾞﾝ,578-0973,大阪府東大阪市東鴻池町2-2-74,0729-65-1111,0729-64-0043
720066,佐川急便株式会社 北海道,,佐川急便 北海道,ｻｶﾞﾜｷｭｳﾋﾞﾝ,,,,
720075,崎山加工所,,崎山加工所,ｻｷﾔﾏｶｺｳｼｮ,577-0831,大阪府東大阪市俊徳町2丁目4-3,06-6729-6471,
720086,札樽自動車運輸株式会社,,札樽自動車運輸,ｻｯｿﾝ,063-0837,札幌市西区発寒17条13丁目1-63,011-664-1311,011-664-5020
720096,ｻﾝ･ｱﾛｰ化成株式会社,,ｻﾝ･ｱﾛｰ化成,ｻﾝｱﾛｰ,541-0041,大阪府大阪市北区中之島2丁目2-7中之島ｾﾝﾄﾗﾙﾀﾜｰ19階,06-6204-0679,06-6228-0165
720106,株式会社札幌谷藤,,札幌谷藤,ｻｯﾎﾟﾛﾀﾆﾌｼﾞ,007-0868,札幌市東区伏古8条3丁目5-7,011-781-6665,011-782-5638
720116,札幌通運株式会社 (ｺﾝﾃﾅ便),,札幌通運(ｺﾝﾃﾅ便),ｻｯﾎﾟﾛﾂｳｳﾝ,003-0030,札幌市白石区流通ｾﾝﾀｰ2-1-1通運部,011-864-16666,011-865-7242
720121,三協化工株式会社,,三協化工,ｻﾝｷｮｳｶｺｳ,547-0001,大阪市平野区加美北6-2-22,06-6792-6825,06-6793-6200
720126,札幌通運株式会社,,札幌通運,ｻｯﾎﾟﾛﾂｳｳﾝ,003-0030,札幌市白石区流通ｾﾝﾀｰ5-1-10,011-862-2772,011-862-2540
720131,ｻﾝｴｰ■,,ｻﾝｴｰ■,,,,,
720136,札幌通運株式会社 滝川営業所,,札幌通運滝川営業所,ｻｯﾎﾟﾛﾂｳｳﾝ,073-0025,滝川市流通団地3丁目7番21号,0125-24-3232,0125-22-1540
720141,株式会社ｻｸﾗｸﾚﾊﾟｽ□,,株式会社ｻｸﾗｽﾚﾊﾟｽ,ｶﾌﾞｼｷｶﾞｲｼｬ,578-0901,大阪府東大阪市加納7-18-47,072-873-5509,072-873-6070
720146,札幌日産自動車株式会社,,札幌日産自動車,ｻｯﾎﾟﾛﾆｯｻﾝ,006-0023,札幌市手稲区手稲本町3条3丁目,011-683-4123,
720156,佐藤包装紙器株式会社//,,佐藤包装紙器//,ｻﾄｳﾎｳｿｳｼｷ,063-0861,札幌市西区八軒1条東5丁目,011-641-5050,011-641-5071
720225,株式会社ｻﾝｴｰ製作所,,ｻﾝｴｰ製作所,ｻﾝｴｰｾｲｻｸｼｮ,,摂津市鳥飼本町3-11-21,072-653-0901,072-653-3422
720235,有限会社三輝化成,,三輝化成//,ｻﾝｷｶｾｲ,579-8025,大阪府東大阪市宝町9番37号,0729-84-6521,0729-81-7233
720252,株式会社三機製作所,,三機製作所,ｻﾝｷｾｲｻｸｼﾞｮ,636-1121,奈良県大和郡山市杉町39-3,0743-59-1037,0743-59-1047
720275,三共商事株式会社,,三共商事,ｻﾝｷｮｳｼｮｳｼﾞ,530-0041,大阪市北区天神橋1丁目7-15 ﾋﾞｱﾘｯﾂ天神橋3F,06-6353-3591,06-6353-3573
720285,三興商会株式会社,,三興商会,ｻﾝｺｳｺｳｼｮｳｶ,561-0851,大阪府豊中市服部元町2-8-4,06-6866-7700,06-6866-7701
720305,三晃ﾃｲｴﾋﾟｰ株式会社,,三晃ﾃｲｴﾋﾟｰ//,ｻﾝｺｳﾃｲｴﾋﾟｰ,577-0809,大阪府東大阪市永和2丁目2-34,06-6723-3311,06-6723-3378
720316,三昌商事株式会社,,三昌商事,ｻﾝｼｮｳｼｮｳｼﾞ,064-0805,札幌市中央区南5条西12丁目,011-561-4108,011-561-4110
720325,三泉工業株式会社,,三泉工業//,ｻﾝｾﾝｺｳｷﾞｮｳ,577-0025,東大阪市新家2丁目7-13,06-6781-3003,06-6781-3043
720335,ｻﾝﾄｯｸｽ株式会社,,ｻﾝﾄｯｸｽ,ｻﾝﾄｯｸｽ,,東京都西新橋1-4-5 ﾄｸﾔﾏﾋﾞﾙ別館2,03-3597-5057,03-3597-5050
720386,株式会社ｻﾆｸﾘｰﾝ北海道,,ｻﾆｸﾘｰﾝ北海道,ｻﾆｸﾘｰﾝ,062-0933,札幌市豊平区平岸3条9丁目15-24,011-820-2920,
720405,株式会社澤村エアーサービス,,澤村エアーサービス,ｻﾜﾑﾗ,580-0046,大阪府松原市三宅中7-1-10,072-330-3261,072-330-3263
720415,さくら加工物流,,さくら加工物流,ｻｸﾗｶｺｳ,575-0063,大阪府四条畷市清瀧５−２,072-877-6627,072-877-6628
721015,株式会社ｼﾞｰｴﾑｴﾝｼﾞﾆｱﾘﾝｸﾞ,,ｼﾞｰｴﾑｴﾝｼﾞﾆｱﾘﾝｸﾞ,ｼﾞｰｴﾑｴﾝｼﾞﾆ,222-0033,横浜市港北区新横浜2-14-27新横浜第一ﾋﾞﾙﾃﾞｨﾝｸﾞ,06-6448-1387,06-6448-1388
721016,使用ｼﾅｲ,,使用ｼﾅｲ,ｼﾞｰｴﾑｴﾝｼﾞﾆ,222-0033,横浜市港北区新横浜2丁目14-27新横浜第一ﾋﾞﾙﾃﾞｨﾝｸﾞ,045-472-6819,045-473-6117
721065,司法行政書士 西村昭一,,司法行政書士西村昭一,ｼﾎｳﾆｼﾑﾗ,567-0888,大阪府茨木市駅前3丁目13,0726-27-2233,
721085,株式会社ｼﾞｬﾊﾟﾝﾃｸﾆｶﾙ,,ｼﾞｬﾊﾟﾝﾃｸﾆｶﾙ,ｼﾞｬﾊﾟﾝﾃｸﾆｶ,574-0056,大阪府大東市新田中町2-17,072-874-8055,072-872-6833
721091,システムクリエイト　■,,システムクリエイト　■,,,,,
721095,昭永緑化株式会社,,昭永緑化,ｼｮｳｴｲﾘｮｯｶ,664-0029,伊丹市中野北3丁目1-41,072-779-6540,072-777-7038
721102,清水製作所■,,清水製作所■,,,,,
721105,税理士法人　城会計事務所,,城会計事務所,ｼﾛｶｲｹｲｼﾞﾑｼ,573-0027,枚方市大垣内町1丁目3番1号ﾏｲﾝﾄﾞﾋﾞﾙ4F,072-844-4440,072-844-4141
721126,公益社団法人 石狩市ｼﾙﾊﾞｰ人材ｾﾝﾀｰ,,石狩市ｼﾙﾊﾞｰ人材ｾﾝﾀｰ,ｼﾙﾊﾞｰｼﾞﾝｻﾞ,061-3244,石狩市新港南1丁目22番地66,0133-64-7771,0133-64-7774
721135,使用ｼﾅｲ,,使用ｼﾅｲ,ｼｮｳﾜｺｳｻﾝ,060-0002,北海道札幌市中央区北二条西3丁目敷島ﾋﾞﾙ,011-231-2428,011-221-0856
721136,昭和興産株式会社,北海道営業所,昭和興産,ｼｮｳﾜｺｳｻﾝ,060-0002,札幌市中央区北2条西3丁目1番地敷島ﾋﾞﾙ4階,011-231-2428,011-221-0856
721146,ｼﾝｾﾒｯｸ株式会社,,ｼﾝｾﾒｯｸ株式会社,ｼﾝｾﾒｯｸ,061-3241,北海道石狩市新港西2丁目788-7,0133-75-6600,0133-75-6611
721156,親栄電気工事株式会社,,親栄電気工事,ｼﾝｴｲﾃﾞﾝｷ,003-0002,札幌市白石区東札幌2条5丁目2-26,011-811-9375,
721166,使用ｼﾅｲ,名古屋 化成品,使用ｼﾅｲ,ｼﾝｴﾂﾎﾟﾘﾏｰ,331-9510,埼玉県さいたま市北区吉野町1-406-1,048-652-5920,048-652-5922
721175,信越ﾎﾟﾘﾏｰ株式会社 名古屋支店,,信越ﾎﾟﾘﾏｰ 名古屋支店,ｼﾝｴﾂﾎﾟﾘﾏｰﾅ,450-0002,名古屋市中村区名駅4-26-25名古屋大商ﾋﾞﾙ (片田様) 化成品,052-581-4233,052-581-2921
721185,株式会社ｼﾝｸ･ﾍﾞｽﾄ,,ｼﾝｸ･ﾍﾞｽﾄ,ｼﾝｸﾍﾞｽﾄ,543-0001,大阪市天王寺区上本町6-9-14,06-6774-7789,06-6774-7790
721196,新ｹﾐｶﾙ商事株式会社,,新ｹﾐｶﾙ商事,ｼﾝｹﾐｶﾙ,060-0005,札幌市中央区北5条西5丁目2-5信金中央金庫ﾋﾞﾙ7F,011-222-7708,011-222-7675
721265,信光電気計装株式会社,,信光電気計装,ｼﾝﾜﾃﾞﾝｷ,555-0013,大阪府大阪市西淀川区千舟2-12-27,06-6474-1760,06-6474-2650
721275,有限会社芝西特殊技研,,有限会社芝西特殊技研,ｼﾊﾞﾆｼﾄｸｼｭ,547-0002,大阪市平野区加美東1-5-44,06-6792-6904,06-6792-6905
722016,ｽﾞｲﾎｰ産業株式会 使用禁止,,ｽﾞｲﾎｰ産業,ｽﾞｲﾎｰ,101-0054,東京都千代田区神田錦町1丁目12番大手町宝栄ﾋﾞﾙ,03-3294-1791,03-3294-1794
722021,須藤研究所　■,,須藤研究所　■,,,,,
722035,鈴五商事株式会社,,鈴五商事//,ｽｽﾞｺﾞｼｮｳｼﾞ,530-0043,大阪市北区天満4丁目3番15号,06-6352-3051,06-6352-3973
722045,住友ﾅｺﾌｫｰｸﾘﾌﾄ販売株式会社,,住友ﾅｺﾌｫｰｸﾘﾌﾄ販売,ｽﾐﾄﾓﾌｫｰｸ,581-0067,八尾市神武町1-4,072-993-0401,072-993-0444
722076,住友商事株式会社 中部,,住友商事中部,ｽﾐﾄﾓｼｮｳｼﾞ,,,,
723035,西濃運輸株式会社,,西濃運輸,ｾｲﾉｳｳﾝﾕ,574-0051,大東市新田境町1-26,072-871-0252,072-872-0647
723046,西武運輸株式会社 北海道航空支店,,西武運輸 北海道航空,ｾｲﾌﾞ,068-0000,岩見沢市5条東13丁目18番地,0126-22-4611,0126-22-9600
723055,西武運輸株式会社,,西武運輸,ｾｲﾌﾞｳﾝﾕ,571-0004,大阪府門真市大字上馬伏335,072-882-3341,072-882-3344
723065,西武運輸株式会社 航空,,西武運輸 航空,ｾｲﾌﾞｳﾝﾕｺｳｸ,571-0006,大阪府門真市大字上馬伏440-1,072-885-4671,
723086,積水化学北海道株式会社,,積水化学北海道,ｾｷｽﾞｲｶｶﾞｸ,068-8668,岩見沢市東町234番地,0126-22-4541,0126-23-0340
723106,ｾｺﾑ株式会社,,ｾｺﾑ,ｾｺﾑ,063-0051,札幌市西区宮の沢1条3丁目12-15,011-666-6411,
723116,株式会社ｾﾞﾆｱﾃｯｸｽ,,ｾﾞﾆｱﾃｯｸｽ,ｾﾞﾆｱﾃｯｸｽ,079-1264,赤平市茂尻旭町1丁12番地1,0125-34-2221,0125-34-2220
723135,ｾﾝﾀﾞｲ工業株式会社,,ｾﾝﾀﾞｲ工業,ｾﾝﾀﾞｲｺｳｷﾞｮ,555-0011,大阪市西淀川区竹島2-4-24,06-6478-8088,06-6478-8077
723145,ｾﾞﾝﾉ株式会社,,ｾﾞﾝﾉ,ｾﾞﾝﾉ,550-0002,大阪府大阪市西区江戸堀1-20-21,06-6443-4461,06-6443-4468
723155,千里工業株式会社,,千里工業,ｾﾝﾘｺｳｷﾞｮｳ,578-0901,東大阪市加納8-34-21,072-873-7731,072-873-7734
724015,　寄本武（ｿﾌﾄｱﾝﾄﾞﾊｰﾄﾞ,,寄本武（ｿﾌﾄｱﾝﾄﾞﾊｰﾄﾞ,ﾖﾘﾓﾄ,640-8412,和歌山市狐島611-27,073-452-4764,073-452-4764
730015,第一貨物株式会社,,第一貨物,ﾀﾞｲｲﾁｶﾓﾂ,571-0045,門真市殿島町4番1号,06-6909-0380,06-6909-0390
730036,株式会社大真機工,,大真機工,ﾀﾞｲｼﾝｷｺｳ,006-0805,小樽市銭函5丁目57-2,0133-62-9391,0133-62-9393
730076,高井田工具,,高井田工具,ﾀｶｲﾀﾞｺｳｸﾞ,577-0056,東大阪市長堂2丁目29-9,06-6782-7677,
730092,株式会社高木金型製作所,,高木金型製作所,ﾀｶｷﾞｶﾅｶﾞﾀ,061-3281,石狩市花畔1条2丁目12番6号,0133-62-9216,0133-62-9217
730145,ﾀﾏｷｵｰﾄ販売株式会社,,ﾀﾏｷｵｰﾄ販売,ﾀﾏｷｵｰﾄﾊﾝﾊﾞ,571-0012,門真市江端町1番7号,072-884-7778,072-884-7768
730155,株式会社たまゆら,,たまゆら,ﾀﾏﾕﾗ,573-0094,枚方市南中振3丁目5-1,072-834-2221,072-834-0091
730201,㈱松山　■,,㈱松山　■,ｶﾌﾞﾏﾂﾔﾏｼｶｸ,,,,
731015,株式会社中越黒鉛工業所,,中越黒鉛工業所,ﾁｭｳｴﾂｺｸｴﾝ,559-0026,大阪市住之江区平林北1-2-27,06-6681-2555,06-6681-6490
732026,有限会社対馬,,対馬,ﾂｼﾏ,072-0006,美唄市東5条北8丁目3-4,01266-4-4293,01266-3-3252
732051,株式会社槌屋,,槌屋,ﾂﾁﾔ,532-0002,大阪市淀川区東三国2-38-17,06-6394-5455,06-6393-5457
732062,株式会社槌屋 宇都宮,,槌屋,ﾂﾁﾔ,321-0964,栃木県宇都宮市駅前通り1-3-1,028-600-0611,028-600-0616
732064,株式会社槌屋 東京,,槌屋 東京,ﾂﾁﾔ,105-0012,東京都港区芝大門2-5-3,,03-5402-5470
732065,株式会社つつみ屋,,つつみ屋,ﾂﾂﾐﾔ,571-0017,門真市四宮5丁目6-6,072-887-2238,072-887-5550
732075,ﾂﾔﾏ産業(ﾂﾔﾏﾀｹｼ),,ﾂﾔﾏ産業//(ﾂﾔﾏﾀｹｼ),ﾂﾔﾏｻﾝｷﾞｮｳ,577-0065,東大阪市高井田中3丁目12-5,06-4308-8221,06-4308-8220
732081,槌屋ﾔｯｸ株式会社,商品部,槌屋ﾔｯｸ,ﾂﾁﾔﾔｯｸ,444-8516,愛知県岡崎市日名西町３,0564-23-8271,0564-23-0585
733011,ﾃﾞｻﾞｲﾝﾎﾟｹｯﾄ■,,ﾃﾞｻﾞｲﾝﾎﾟｹｯﾄ■,,,,,
733021,ﾃｨｰｴｰｹﾐｶﾙ株式会社■,,ﾃｨｰｴｰｹﾐｶﾙ株式会社■,,,,,
733025,株式会社TKC,,TKC,ﾃｨｹｲｼｰ,162-8585,東京都新宿区揚場調2番1号,03-3266-9225,03-3266-9167
733056,株式会社ﾃｻﾞｯｸ,札幌営業所,ﾃｻﾞｯｸ 札幌営業所,ﾃｻﾞｯｸ,001-0023,札幌市北区北23条西7丁目1-33,011-788-8400,011-728-0033
734016,当栄商事株式会社,,当栄商事,ﾄｳｴｲｼｮｳｼﾞ,569-1116,大阪府高槻市白梅町5番-15-4010,072-689-1177,072-689-1188
734046,株式会社道央ﾒﾀﾙ,,道央ﾒﾀﾙ,ﾄﾞｳｵｳﾒﾀﾙ,0720016,美唄市東5条南6丁目7番28号,0126-62-6921,0126-62-6870
734055,東京ｱｲﾃﾞｱﾙ株式会社,,東京ｱｲﾃﾞｱﾙ,ﾄｳｷｮｳｱｲﾃﾞｱ,135-0031,東京都江東区佐賀1-18-10 佐賀町ﾋﾞﾙ第二別館5F,03-5646-2030,03-6458-8722
734072,株式会社東商ｾﾝﾄﾗﾙ,,東商ｾﾝﾄﾗﾙ,ﾄｳｼｮｳｾﾝﾄﾗﾙ,101-0054,東京都千代田区神田錦町3-5-1興和一橋ﾋﾞﾙ2F化成品建材部副資材,03-3259-7465,
734106,道都化学産業株式会社,,道都化学産業,ﾄﾞｳﾄｶｶﾞｸ,060-0908,札幌市東区北8条東1丁目1番40号道都ﾋﾞﾙ4F,011-712-2311,011-751-4241
734115,東邦ｺﾞﾑ工業株式会社,,東邦ｺﾞﾑ工業,ﾄｳﾎｳｺﾞﾑｺﾞｳ,924-8577,石川県白蚕糸山市田中町315,076-276-4171,076-276-4661
734131,トラスコ中山㈱　■,,トラスコ中山㈱　■,ﾄﾗｽｺﾅｶﾔﾏｶﾌ,,,,
734151,東京計器㈱　■,,東京計器㈱,,,,,
734166,東洋商事株式会社,,東洋商事,ﾄｳﾖｳｼｮｳｼﾞ,060-0005,札幌市北区北57条西1620丁目2-9,011-631-2181,011-641-0624
734181,東ﾘ株式会社,購買部,東ﾘ,ﾄｳﾘ,664-8610,兵庫県伊丹市東有岡５丁目１２５番地,06-6494-6606,06-6491-4648
734206,株式会社ﾄｰﾓｸ,札幌支店,ﾄｰﾓｸ 札幌支店,ﾄｰﾓｸ,061-3271,小樽市銭函4丁目157-2,0133-72-5151,0133-41-2090
734215,十川産業株式会社,大阪支店,十川産業 大阪支店,ﾄｶﾞﾜｻﾝｷﾞｮｳ,550-0015,大阪市西区南堀江4-1-18,06-6538-5202,06-6538-5206
734225,ﾄｯﾌﾟﾏﾝ工業株式会社,,ﾄｯﾌﾟﾏﾝ工業,ﾄｯﾌﾟﾏﾝｺｳｷﾞ,577-0006,大阪府東大阪市楠根2-11-36,06-6744-3356,06-6744-3200
734235,ﾄﾖﾀL&F近畿株式会社,,ﾄﾖﾀL&F近畿,ﾄﾖﾀｴﾙｱﾝﾄﾞ,572-0037,大阪府寝屋川市葛原新町5-4,072-829-5311,072-827-8241
734245,株式会社豊田商会,,豊田商会,ﾄﾖﾀﾞｼｮｳｶｲ,,,06-6752-8441,06-6752-7451
734281,特許機器㈱　■,,特許機器㈱,ﾄｯｷｮｷｷｷｷｶﾌ,,,,
740016,ﾅｲｶﾞｲ株式会社,札幌営業所,ﾅｲｶﾞｲ　札幌営業所,ﾅｲｶﾞｲ,060-0042,北海道札幌市中央区大通西9丁目1-1ｷﾀｺｰ大通公園ﾋﾞﾙ 3階,090-6194-0506,011-351-1930
740025,長井商会(ｸﾘｰﾆﾝｸﾞ),,長井商会(ｸﾘｰﾆﾝｸﾞ),ﾅｶﾞｲｼｮｳｶｲ,574-0064,大東市御領4丁目1-19,072-871-3921,
740045,株式会社ﾅｶﾞﾄ,,ﾅｶﾞﾄ,ﾅｶﾞﾄ,581-0063,大阪府八尾市太子堂2丁目2-39,072-959-8101,072-959-8102
740065,中本ﾊﾟｯｸｽ株式会社,ﾊﾟｯｹｰｼﾞﾝｸﾞ事業本部,中本ﾊﾟｯｸｽ,ﾅｶﾓﾄﾊﾟｯｸｽ,543-0012,大阪市天王寺区空堀町2-8,06-6762-2150,06-6762-5720
740075,有限会社中山運送,,中山運送,ﾅｶﾔﾏｳﾝｿｳ,571-0014,門真市千石西町3-22-403,072-884-7549,072-884-1105
740095,株式会社南海樹脂工業所,,南海樹脂工業所,ﾅﾝｶｲｼﾞｭｼｺｳ,578-0935,東大阪市若江東町2丁目2番14号,06-6725-4811,06-6723-3859
741026,日輝通商株式会社,,日輝通商,ﾆｯｷﾂｳｼｮｳ,053-0052,苫小牧市新開町3丁目17番7号,0144-55-8163,0144-55-8464
741035,ﾆｯｸｽ株式会社 容器包材営業第2G,,ﾆｯｸｽ㈱,ﾆｯｸｽｶﾌﾞ,542-0081,大阪市中央区南船場4丁目12-12ﾆｯｾｲ心斎橋ｳｪｽﾄﾋﾞﾙ 9階,06-7166-0062,06-6241-1872
741056,日軽物流株式会社 札幌営業所,,日軽物流札幌営業所,ﾆｯｹｲﾌﾞﾂﾘｭｳ,067-0051,江別市工栄町8-11(ﾆﾎﾝﾌﾗｯｼｭ内),011-385-5201,011-385-5255
741062,株式会社ﾆｯｸｽ,,ﾆｯｸｽ 石狩,ﾆｯｸｽ,220-6108,神奈川県横浜市西区みなとみらい2-3-3 ｸｨｰﾝｽﾞﾀﾜｰB 8Ｆ,045-221-1350,045-221-1231
741066,北海道日産自動車株式会社(ﾌｫｰｸﾏﾘｰ,,北海道日産自動車,ﾆｯｻﾝ,065-0019,札幌市東区北19条東1丁目2-5,011-711-2323,011-711-3413
741071,株式会社ﾆｯｸｽ ｸﾞﾛｰﾊﾞﾙ事業部■,,㈱ﾆｯｸｽ ｸﾞﾛｰﾊﾞﾙ事業部,ﾆｯｸｽ,220-6108,神奈川県横浜市西区みなとみらい2-3-3 ｸｨｰﾝｽﾞﾀﾜｰB 8Ｆ,045-221-1350,045-221-1231
741076,北海道日産自動車株式会社,,北海道日産自動車,ﾆｯｻﾝ,066-0075,千歳市北信濃779番地2,0123-22-1711,
741086,日本通運株式会社 (ｺﾝﾃﾅ便),,日本通運(ｺﾝﾃﾅ便),ﾆｯﾂｳｺﾝﾃﾅ,061-3241,石狩市新港西2丁目744-3,0133-74-8844,0133-74-8847
741101,日邦産業株式会社,ｴﾚｸﾄﾛﾆｸｽ事業本部 大阪第2ｸﾞﾙｰﾌﾟ,日邦産業,ﾆｯﾎﾟｳｻﾝｷﾞｮ,564-0063,大阪府吹田市江坂町1-23-28,06-6386-1211,06-6380-2559
741106,日東電材株式会社,,日東電材,ﾆｯﾄｳﾃﾞﾝｻﾞｲ,060-0001,札幌市中央区北1条西4丁目2-2東邦生命ﾋﾞﾙ,011-222-1121,
741126,日本通運株式会社（日通航空）,,日本通運(日通航空),ﾆｯﾎﾟﾝﾂｳｳﾝ,065-0030,札幌市東区北30条東1丁目1-40,011-712-2250,
741136,株式会社日本ｻｯｼｭ,,日本ｻｯｼｭ,ﾆﾎﾝｻｯｼｭ,072-0015,美唄市東6条北11丁目1番1号,0126-63-4235,0126-62-0290
741145,財団法人日本品質保証機構,ﾏﾈｼﾞﾒﾝﾄｼｽﾃﾑ部門,日本品質保証機構,ﾆﾎﾝﾋﾝｼﾂ,100-8308,東京都千代田区丸の内2丁目5-2三菱ﾋﾞﾙ13F,03-6212-9652,
741156,日本ﾌｨﾗｲﾄ株式会社,,日本ﾌｨﾗｲﾄ,ﾆﾎﾝﾌｨﾗｲﾄ,541-0044,大阪府大阪市中央区伏見町2丁目4-5,06-6227-0729,06-6227-0397
741166,日本ﾒｯｼｭ工業株式会社,,日本ﾒｯｼｭ工業株式会社,ﾆﾎﾝﾒｯｼｭｺｳｷ,591-8032,大阪府堺市北区百舌鳥梅町3丁目25番地4,072-250-0551,072-250-0550
741175,日本スリット工業株式会社,,日本スリット工業株式会社,ﾆﾎﾝｽﾘｯﾄｺｳｷ,587-0042,大阪府堺市美原区木材通4-17-16,072-361-3508,072-361-2231
741186,ﾆｭｰﾛﾝｸﾞ株式会社 小樽営業所,,ﾆｭｰﾛﾝｸﾞ小樽営業所,ﾆｭｰﾛﾝｸﾞ,047-0261,小樽市銭函2-17-2,0134-62-2691,
741231,株式会社日本触媒,,株式会社日本触媒,,,,,
741241,ニットー　■,,ニットー,ﾆｯﾄｰ,,,,
744015,ﾉｰﾄﾞｿﾝ株式会社,,ﾉｰﾄﾞｿﾝ,ﾉｰﾄﾞｿﾝ,140-0012,東京都品川区勝島1-5-2東神ﾋﾞﾙ8FPPAﾋﾞｼﾞﾈｽｸﾞﾙｰﾌﾟ関西ｴﾘｱ,120-450-883,03-5471-0232
744021,ﾉﾓﾄ通商株式会社,,ﾉﾓﾄ通商,ﾉﾓﾄﾂｳｼｮｳ,540-0018,京都府八幡市男山泉14-8 林第二ﾋﾞﾙ301号,06-6191-0630,06-6191-0631
744025,株式会社ﾉﾀﾞ,,ﾉﾀﾞ,ﾉﾀﾞ,544-0006,大阪市生野区中川東2-2-15,06-6756-0800,06-6756-0805
750016,株式会社ﾊｰﾍﾞｽ,,ﾊｰﾍﾞｽ,ﾊｰﾍﾞｽ,330-0061,埼玉県さいたま市浦和区常盤9-21-14 ﾊﾟｰｸｻｲﾄﾞｶﾞｸﾔﾋﾞﾙ6F,048-824-2821,048-824-2826
750021,㈱畑中　■,,㈱畑中　■,,,,,
750025,ﾊｷﾞﾉ機工株式会社,,ﾊｷﾞﾉ機工,ﾊｷﾞﾉｷｺｳ,455-0075,名古屋市港区正徳町1丁目55番地,052-651-0141,052-653-0141
750055,ﾊﾏｸﾞﾁﾕｷﾊﾙ（ｱｲ･ｺﾐｭﾆｹｰｼｮﾝｽﾞ),,ﾊﾏｸﾞﾁﾕｷﾊﾙ(ｱｲ･ｺﾐｭﾆｹｰ,ﾊﾏｸﾞﾁ,562-0044,箕面市半町1-3-7,072-723-5309,072-723-5309
750065,林金属工業株式会社,,林金属工業,ﾊﾔｼｷﾝｿﾞｸｺｳ,544-0006,大阪市生野区中川東1-13-18,06-6751-1755,06-6751-1756
750081,ﾊﾟﾅｯｸ株式会社 使用ｼﾅｲ,,ﾊﾟﾅｯｸ株式会社 使用ｼﾅｲ,ﾊﾟﾅｯｸ,,東京都港区芝5丁目31-19ｵｰｴｯｸｽ田町ﾋﾞﾙ,03-5442-8740,03-5442-8177
750091,ﾊﾟﾅｯｸ株式会社 資材部,,ﾊﾟﾅｯｸ株式会社 資材部,ﾊﾟﾅｯｸ,,東京都港区芝5丁目31-19ｵｰｴｯｸｽ田町ﾋﾞﾙ,03-5442-8740,03-5442-8177
750106,有限会社ﾊﾞﾝﾀﾞﾏﾁｯｸｻｰﾋﾞｽ,,ﾊﾞﾝﾀﾞﾏﾁｯｸｻｰﾋﾞｽ,ﾊﾞﾝﾀﾞﾏﾁｯｸ,065-0022,札幌市東区北22条東1丁目2-8,011-704-3280,011-704-3239
750112,ﾊﾋﾟｰｵｰﾙ株式会社,,ﾊﾋﾟｰｵｰﾙ,ﾊﾋﾟｰｵｰﾙ,072-0007,美唄市東6条北7丁目1-19,0126-63-3900,0126-63-3926
750115,ﾊﾞﾝﾄﾞｰ･I･C･S株式会社,,ﾊﾞﾝﾄﾞｰ･I･C･S,ﾊﾞﾝﾄﾞｰ,532-0011,大阪市淀川区西中島6-1-1,06-7659-2732,06-4806-3022
751015,株式会社ﾋｰｽｴﾝｼﾞﾆｱﾘﾝｸﾞ,,ﾋｰｽｴﾝｼﾞﾆｱﾘﾝｸﾞ,ﾋｰｽ,176-0011,東京都練馬区豊玉2-4-6,03-3557-8200,03-3557-8621
751045,株式会社ひらの,,ひらの,ﾋﾗﾉ,547-0000,大阪市平野区瓦屋町1-8-15,06-6762-6147,06-6762-1690
751076,広瀬建設工業株式会社,,広瀬建設工業,ﾋﾛｾｹﾝｾﾂ,072-0021,美唄市大通西1条北3丁目2-7,,
752015,富士黒鉛工業株式会社,,富士黒鉛工業株式会社,ﾌｼﾞｺｸｴﾝｺｳｷ,157-0066,東京都世田谷区成城8-33-2,03-3483-0357,03-3483-7444
752035,福西産業株式会社,,福西産業,ﾌｸﾆｼｻﾝｷﾞｮｳ,636-0203,奈良県磯城郡川西町梅戸327-1,0745-43-3361,0745-43-6684
752045,福山通運株式会社,,福山通運,ﾌｸﾔﾏﾂｳｳﾝ,578-0963,東大阪市新庄859,0729-63-3037,
752056,北海道福山通運株式会社 札幌支店,,北海道福山通運 札幌,ﾌｸﾔﾏﾂｳｳﾝ,007-0804,札幌市東区東苗穂4条3丁目2-18,011-782-2611,
752085,（株）富士運送,,（株）富士運送,ｶﾌﾞﾌｼﾞｳﾝｿｳ,578-0901,大阪府東大阪市加納3-1-9,072-963-0027,072-963-0068
752095,富士商工ﾏｼﾅﾘｰ株式会社 大阪支店,,富士商工ﾏｼﾅﾘｰ,ﾌｼﾞｼｮｳｺｳ,567-0851,大阪府茨木市真砂3-18-20,072-636-5555,072-636-5757
752116,富士ｾﾞﾛｯｸｽ北海道株式会社 使用しない,,X富士ｾﾞﾛｯｸｽ北海道 石X,ﾌｼﾞｾﾞﾛｯｸｽ,060-0042,札幌市中央区大通西10丁目4-133,011-271-5626,0120-753-951
752125,株式会社ﾌﾀﾊﾞｺｰﾎﾟﾚｰｼｮﾝ,,ﾌﾀﾊﾞｺｰﾎﾟﾚｰｼｮﾝ,ﾌﾀﾊﾞｺｰﾎﾟﾚｰ,570-0056,守口市寺内町1丁目3番11号,06-6992-4057,06-6996-3726
752135,福永工業株式会社,,福永工業,ﾌｸﾅｶﾞｺｳｷﾞｮ,578-0935,大阪府東大阪市若江東町5-6-9,06-6724-0866,06-6730-5002
752136,株式会社ﾌﾁｵｶ 北海道支店,,ﾌﾁｵｶ 北海道支店,ﾌﾁｵｶ,004-0815,札幌市清田区美しが丘5条9丁目10番20号,011-881-5041,011-883-5503
752141,株式会社FUJIｼﾞｬﾊﾟﾝ□,,株式会社FUJIｼﾞｬﾊﾟﾝ□,,,,,
752166,富士ｾﾞﾛｯｸｽ北海道株式会社 使用しない,,X富士ｾﾞﾛｯｸｽ北海道 美X,ﾌｼﾞｾﾞﾛｯｸｽ,060-0042,札幌市中央区大通西10丁目4-133,011-271-5626,0120-753-951
754025,株式会社ﾎｰﾗｲ 大阪営業事業所,,ﾎｰﾗｲ 大阪営業事務所,ﾎｰﾗｲ,577-0065,東大阪市高井田中2-1-1,06-6618-6222,06-6618-6224
754056,株式会社北斗ｺﾞﾑ製作所,,北斗ｺﾞﾑ製作所,ﾎｸﾄｺﾞﾑ,047-0261,小樽市銭函3丁目274番地5,0134-62-6663,0134-62-7739
754086,北海樹脂興業株式会社,,北海樹脂興業,ﾎｯｶｲｼﾞｭｼ,067-0051,江別市工栄町25番10号,011-384-5578,011-384-2438
754096,北海道通商株式会社,,北海道通商,ﾎｯｶｲﾄﾞｳ,007-0822,札幌市東区東雁来2条1丁目2-46,011-781-0161,011-782-7770
754106,北海道ｴﾈﾙｷﾞｰ株式会社,美唄ｲﾝﾀｰSS,北海道ｴﾈﾙｷﾞｰ,ﾎｯｶｲﾄﾞｳｴﾈﾙ,060-0031,札幌市中央区北1条東3丁目3札幌ｽｸｴｱｾﾝﾀｰﾋﾞﾙ,011-209-8180,011-209-8181
754116,北海道急行運輸株式会社,,北海道急行運輸,ﾎｯｷｭｳ,006-0835,札幌市手稲区曙5条5丁目3-2,,
754135,本田機販　福森隼雄,,本田機販,ﾎﾝﾀﾞｷﾊﾝ,577-0056,大阪府東大阪市長堂2丁目29-9,06-6782-7677,06-6782-1422
760016,株式会社正久,,正久,ﾏｻﾋｻ,060-0041,札幌市中央区大通7丁目12番地ﾉｰｽｼﾃｨﾃｸﾉﾋﾞﾙ4階,011-251-9870,011-251-9871
760035,株式会社松井製作所,,松井製作所,ﾏﾂｲｾｲｻｸｼｮ,573-1132,大阪府枚方市招提田近2-19,072-851-6120,072-851-9760
760055,株式会社松岡ｶｯﾀｰ製作所,,松岡ｶｯﾀｰ製作所,ﾏﾂｵｶｶｯﾀｰ,,静岡市葵区古庄2丁目18-46,054-261-1877,054-261-7810
760066,松岡満運輸株式会社,,松岡満運輸,ﾏﾂｵｶﾏﾝ,003-0030,札幌市白石区流通ｾﾝﾀｰ5丁目1-5,011-863-1691,011-863-0419
760076,松岡満運輸株式会社 大阪,,松岡満運輸(大阪),ﾏﾂｵｶﾏﾝ,,,,
760086,美唄松岡満運輸株式会社,,美唄松岡満運輸,ﾏﾂｵｶﾏﾝ,079-0261,美唄市茶志内町１区,0126-62-7373,0126-62-7374
760095,松昇株式会社,,松昇,ﾏﾂｼｮｳ,571-0016,門真市島頭3-11-15,072-884-0829,072-884-0915
760105,明幸環境,,明幸環境,ﾒｲｺｳｶﾝｷｮｳ,638-0821,奈良県吉野郡大淀町下渕1320-5,0747-52-3337,
760126,株式会社松村合金ﾀﾞｲｽ研究所,,松村合金ﾀﾞｲｽ研究所,ﾏﾂﾑﾗｺﾞｳｷﾝ,579-8031,大阪府東大阪市豊浦町2番2号,072-988-1115,072-987-8643
760135,松村石油株式会社,,松村石油,ﾏﾂﾑﾗｾｷﾕﾑﾗﾛ,530-0047,大阪府大阪市北区西天満2丁目8番5号,06-6361-7777,06-6364-5083
760186,ﾏﾙｷﾝ機鋼株式会社,,ﾏﾙｷﾝ機鋼,ﾏﾙｷﾝ,061-3241,石狩市新港西1丁目719-17,0133-73-1300,0133-73-6698
760195,丸安産業株式会社,,丸安産業,ﾏﾙﾔｽｻﾝｷﾞｮｳ,541-0045,大阪府大阪市中央区道修町1-7-1北浜TNKﾋﾞﾙ11階,06-6203-3194,06-6203-1738
761045,株式会社美治紙器工業所,,美治紙器工業所//,ﾐﾊﾙｼｷｺｳｷﾞｮ,571-0012,門真市江端町12-12,072-884-0051,072-884-8470
761061,みなとサンプル　■,,みなとサンプル　■,,,,,
761071,ﾐﾔｺ化学株式会社,東京合成樹脂課 谷田,ﾐﾔｺ化学,ﾐﾔｺｶｶﾞｸ,102-0074,東京都千代田区九段南1丁目6-17千代田会館6階,03-6685-0412,03-6685-0413
762016,武藤工業株式会社 北海道営業所,,武藤工業 北海道(営）,ﾑﾄｳｺｳｷﾞｮｳ,062-0000,札幌市豊平区中の島1条1丁目2-25,011-820-2201,
763016,名鉄運輸株式会社,,名鉄運輸,ﾒｲﾃﾂ,003-0859,札幌市白石区川北2246-3,011-871-2210,
764035,森村商事株式会社,,森村商事,ﾓﾘﾑﾗｼｮｳｼﾞ,541-0056,大阪市中央区久太郎町3-6-8御堂筋ﾀﾞｲﾜﾋﾞﾙ5F,06-4704-5416,06-6244-5762
764056,もりや産業株式会社,,もりや産業,ﾓﾘﾔｻﾝｷﾞｮｳ,003-0012,札幌市白石区中央2条3-9-20札幌ﾃｸﾉｾﾝﾀｰ103号,011-598-8078,03-5626-3741
764066,森六ｹﾐｶﾙｽﾞ株式会社,,森六ｹﾐｶﾙｽﾞ,ﾓﾘﾛｸｹﾐｶﾙｽﾞ,060-0033,札幌市中央区北3条東3丁目1-30KNﾋﾞﾙ5階,011-222-6313,011-222-7293
770000,ﾔﾏﾄ運輸株式会社 使用ｼﾅｲ,,ﾔﾏﾄ運輸 ｴｷｽﾌﾟﾚｽ,ﾔﾏﾄｳﾝﾕｴｷｽﾌ,577-0012,東大阪市長田東3-5-6,06-4309-2288,06-4309-2280
770010,ﾔﾏﾄ運輸株式会社 使用ｼﾅｲ,,ﾔﾏﾄ運輸大阪　使用ｼﾅｲ,ﾔﾏﾄ,572-0075,大阪府寝屋川市葛原1-32-16,072-801-6136,
770011,山本産業㈱　■,,山本産業,ﾔﾏﾓﾄｻﾝｷﾞｮｳ,,,,
770025,山口産業株式会社,,山口産業,ﾔﾏｸﾞﾁｻﾝｷﾞｮ,540-0004,大阪府大阪市中央区玉造1-20-10,06-6768-0800,
770036,有限会社ﾔﾏｺｰ,,ﾔﾏｺｰ,ﾔﾏｺｰ,002-8032,札幌市北区西茨戸2条1丁目2-3,011-773-4474,011-774-4759
770045,山田会計事務所,,山田会計事務所,ﾔﾏﾀﾞｶｲｹｲｼﾞ,543-0001,大阪府大阪市天王寺区上本町6-9-14上本町ﾋﾞﾙ7F,06-6774-7789,06-6774-7790
770051,山森商事株式会社,,山森商事,ﾔﾏﾓﾘｼｮｳｼﾞ,547-0002,大阪府大阪市平野区加美東4-18-6,06-6791-0600,06-6791-0647
770065,ﾔﾏﾄ運輸株式会社　大東太子田ｾﾝﾀｰ,,ﾔﾏﾄ運輸　大東太子田ｾﾝﾀｰ,ﾔﾏﾄｳﾝﾕ,612-8246,京都府京都市伏見区横大路芝生10-1（請求書）,072-655-8241,
770075,ﾔﾏﾄﾎﾞｯｸｽﾁｬｰﾀｰ株式会社 北大阪支店,,ﾔﾏﾄﾎﾞｯｸｽﾁｬｰﾀｰ株式会社 北大阪支店,ﾔﾏﾄｳﾝﾕﾎﾞｯｸ,567-0028,大阪府茨木市畑田町20-1,072-631-3551,072-631-3552
770085,大和技研,,大和技研,ﾔﾏﾄｷﾞｹﾝ,583-0009,大阪府藤井寺市西大井2-272-1,0729-52-2837,0729-52-8459
770101,大和サンプル製作所　■,,大和サンプル製作所,ﾔﾏﾄｻﾝﾌﾟﾙｾｲ,,,,
770111,ヤマトウ　■,,ヤマトウ　■,,,,,
772025,有限会社ﾕﾀｶ製作所,,ﾕﾀｶ製作所,ﾕﾀｶｾｲｻｸｼｮ,581-0044,大阪府八尾市木の本2-19,0729-23-7727,0729-23-7737
772031,ﾕｱｻ化成株式会社　機能樹脂事業部,,ﾕｱｻ化成,ﾕｱｻｶｾｲ,601-8315,京都府京都市南区吉祥院車道町48番地,075-748-6515,075-748-6516
772036,株式会社ﾕﾆｵﾝｺｰﾎﾟﾚｰｼｮﾝ,,ﾕﾆｵﾝｺｰﾎﾟﾚｰｼｮﾝ,ﾕﾆｵﾝ,273-0025,千葉県船橋市印内町628-1,0474-33-5861,0474-33-5877
772046,株式会社ﾕﾆｵﾝｺｰﾎﾟﾚｰｼｮﾝ　東京支店,,ﾕﾆｵﾝｺｰﾎﾟﾚｰｼｮﾝ,ﾕﾆｵﾝｺｰﾎﾟﾚｰ,144-0033,東京都大田区東糀谷3-13-11,03-5735-1300,03-5735-1231
772056,株式会社ﾕﾆｺﾛﾝ,,ﾕﾆｺﾛﾝ,ﾕﾆｺﾛﾝ,001-0934,札幌市北区新川西4条4丁目2-5,011-792-5100,011-792-5170
772066,ﾕﾆﾌｫｰﾑ北海道株式会社,,ﾕﾆﾌｫｰﾑ北海道,ﾕﾆﾌｫｰﾑ,003-0025,札幌市白石区本郷通2丁目北2番9号,011-846-0891,011-860-2128
774011,横浜食品さんぷる教室■,,横浜食品さんぷる教室■,,,,,
774021,ヨツギ㈱　■,,ヨツギ㈱,,,,,
774026,株式会社吉田SKT 大阪営業所,,吉田SKT 大阪営業,ﾖｼﾀﾞｴｽｹｰﾃｨ,536-0007,大阪府大阪市城東区成育4丁目9-14,06-6933-5123,06-6933-8338
780015,ﾗﾝｽﾀｯﾄﾞ株式会社,,ﾗﾝｽﾀｯﾄﾞ,ﾗﾝｽﾀｯﾄﾞ,542-0076,大阪府大阪市中央区難波3-6-11なんば池田ﾋﾞﾙ6F,06-6641-9130,06-6641-9190
781016,理興産業株式会社,,理興産業 美唄,ﾘｺｳ,060-0031,札幌市中央区北1条3丁目,011-221-2191,011-211-8207
781026,理興産業株式会社 札幌支店,,理興産業 石狩,ﾘｺｳｻﾝｷﾞｮｳ,003-0806,札幌市白石区菊水6条2丁目3番10号,011-820-1000,011-8188181
781032,株式会社ﾘｯﾁｪﾙ,,ﾘｯﾁｪﾙ,ﾘｯﾁｪﾙ,939-0592,富山県富山市水橋桜木136,076-478-2155,076-478-5335
781055,株式会社ﾘｰﾁ,,ﾘｰﾁ,ﾘｰﾁ,590-0076,大阪府堺市堺区北瓦町2-3-21-402,072-230-4592,072-230-4593
783011,レジーナ　■,,レジーナ　■,,,,,
783016,ﾚﾝｺﾞｰ株式会社,,ﾚﾝｺﾞｰ,ﾚﾝｺﾞｰ,061-1405,恵庭市戸磯193番3,0123-39-3211,0123-32-0127
790015,YKKﾌｧｽﾆﾝｸﾞﾌﾟﾛﾀﾞｸﾂ販売株式会社,,YKKﾌｧｽﾆﾝｸﾞﾌﾟﾛﾀﾞｸﾂ販,ﾜｲｹｲｹｲﾌｧｽ,540-0012,大阪府大阪市中央区谷町4丁目8-7 YFﾋﾞﾙ,06-6941-4110,
790025,日鋼YPK商事株式会社,,日鋼YPK商事,ﾜｲﾋﾟｰｹｲ,564-0051,吹田市豊津町4-5 第二丸萬ﾋﾞﾙ,06-6310-8180,
790035,株式会社ﾜｲﾒｯｸｽ,,ﾜｲﾒｯｸｽ,ﾜｲﾒｯｸｽ,574-0064,大阪府大東市御領1丁目8番35号,072-872-1415,072-872-3031
790045,和歌山ｺﾞﾑ工業株式会社,,和歌山ｺﾞﾑ工業,ﾜｶﾔﾏｺﾞﾑｺｳｷ,640-0424,和歌山県紀ﾉ川市貴志川町井ﾉ口1477,0736-65-1020,0736-65-1021
790051,合同会社ﾜｯｶﾗﾎﾞ,,ﾜｯｶﾗﾎﾞ,ﾜｯｶﾗﾎﾞ,573-1182,大阪府枚方市御殿山町16-9-B1,050-6870-4667,
790056,株式会社ﾜｺｰ,,ﾜｺｰ,ﾜｺｰ,047-0261,小樽市銭箱3丁目511番地7,0134-62-3515,0134-62-3546
